relative_compactness,surface_area,wall_area,roof_area,overall_height,orientation,glazing_area,glazing_area_distribution,heating_load,cooling_load,heating_cost,predicted_heating,cost,savings,savings_pct,error
0.98,514.5,294.0,110.25,7.0,2,0.0,0,15.55,21.33,1.866,15.55,1.87,0.81,30.29,0.0
0.98,514.5,294.0,110.25,7.0,3,0.0,0,15.55,21.33,1.866,15.55,1.87,0.81,30.29,0.0
0.98,514.5,294.0,110.25,7.0,4,0.0,0,15.55,21.33,1.866,15.55,1.87,0.81,30.29,0.0
0.98,514.5,294.0,110.25,7.0,5,0.0,0,15.55,21.33,1.866,15.55,1.87,0.81,30.29,0.0
0.9,563.5,318.5,122.5,7.0,2,0.0,0,20.84,28.28,2.5008,20.84,2.5,0.18,6.58,0.0
0.9,563.5,318.5,122.5,7.0,3,0.0,0,21.46,25.38,2.5752,21.46,2.58,0.1,3.8,0.0
0.9,563.5,318.5,122.5,7.0,4,0.0,0,20.71,25.16,2.4852,20.71,2.49,0.19,7.16,0.0
0.9,563.5,318.5,122.5,7.0,5,0.0,0,19.68,29.6,2.3615999999999997,19.68,2.36,0.32,11.78,0.0
0.86,588.0,294.0,147.0,7.0,2,0.0,0,19.5,27.3,2.34,19.5,2.34,0.34,12.58,0.0
0.86,588.0,294.0,147.0,7.0,3,0.0,0,19.95,21.97,2.3939999999999997,19.95,2.39,0.28,10.57,0.0
0.86,588.0,294.0,147.0,7.0,4,0.0,0,19.34,23.49,2.3207999999999998,19.34,2.32,0.36,13.3,0.0
0.86,588.0,294.0,147.0,7.0,5,0.0,0,18.31,27.87,2.1971999999999996,18.31,2.2,0.48,17.92,0.0
0.82,612.5,318.5,147.0,7.0,2,0.0,0,17.05,23.77,2.046,17.05,2.05,0.63,23.57,0.0
0.82,612.5,318.5,147.0,7.0,3,0.0,0,17.41,21.46,2.0892,17.41,2.09,0.59,21.95,0.0
0.82,612.5,318.5,147.0,7.0,4,0.0,0,16.95,21.16,2.034,16.95,2.03,0.64,24.02,0.0
0.82,612.5,318.5,147.0,7.0,5,0.0,0,15.98,24.93,1.9176,15.98,1.92,0.76,28.36,0.0
0.79,637.0,343.0,147.0,7.0,2,0.0,0,28.52,37.73,3.4223999999999997,28.52,3.42,-0.75,-27.85,0.0
0.79,637.0,343.0,147.0,7.0,3,0.0,0,29.9,31.27,3.5879999999999996,29.9,3.59,-0.91,-34.04,0.0
0.79,637.0,343.0,147.0,7.0,4,0.0,0,29.63,30.93,3.5555999999999996,29.63,3.56,-0.88,-32.83,0.0
0.79,637.0,343.0,147.0,7.0,5,0.0,0,28.75,39.44,3.4499999999999997,28.75,3.45,-0.77,-28.88,0.0
0.76,661.5,416.5,122.5,7.0,2,0.0,0,24.77,29.79,2.9724,24.77,2.97,-0.3,-11.04,0.0
0.76,661.5,416.5,122.5,7.0,3,0.0,0,23.93,29.68,2.8716,23.93,2.87,-0.19,-7.27,0.0
0.76,661.5,416.5,122.5,7.0,4,0.0,0,24.77,29.79,2.9724,24.77,2.97,-0.3,-11.04,0.0
0.76,661.5,416.5,122.5,7.0,5,0.0,0,23.93,29.4,2.8716,23.93,2.87,-0.19,-7.27,0.0
0.74,686.0,245.0,220.5,3.5,2,0.0,0,6.07,10.9,0.7284,6.07,0.73,1.95,72.79,0.0
0.74,686.0,245.0,220.5,3.5,3,0.0,0,6.05,11.19,0.726,6.05,0.73,1.95,72.88,0.0
0.74,686.0,245.0,220.5,3.5,4,0.0,0,6.01,10.94,0.7212,6.01,0.72,1.96,73.06,0.0
0.74,686.0,245.0,220.5,3.5,5,0.0,0,6.04,11.17,0.7248,6.04,0.72,1.95,72.92,0.0
0.71,710.5,269.5,220.5,3.5,2,0.0,0,6.37,11.27,0.7644,6.37,0.76,1.91,71.44,0.0
0.71,710.5,269.5,220.5,3.5,3,0.0,0,6.4,11.72,0.768,6.4,0.77,1.91,71.31,0.0
0.71,710.5,269.5,220.5,3.5,4,0.0,0,6.366,11.29,0.7639199999999999,6.37,0.76,1.91,71.46,0.0
0.71,710.5,269.5,220.5,3.5,5,0.0,0,6.4,11.67,0.768,6.4,0.77,1.91,71.31,0.0
0.69,735.0,294.0,220.5,3.5,2,0.0,0,6.85,11.74,0.822,6.85,0.82,1.85,69.29,0.0
0.69,735.0,294.0,220.5,3.5,3,0.0,0,6.79,12.05,0.8148,6.79,0.81,1.86,69.56,0.0
0.69,735.0,294.0,220.5,3.5,4,0.0,0,6.77,11.73,0.8123999999999999,6.77,0.81,1.86,69.65,0.0
0.69,735.0,294.0,220.5,3.5,5,0.0,0,6.81,11.93,0.8171999999999999,6.81,0.82,1.86,69.47,0.0
0.66,759.5,318.5,220.5,3.5,2,0.0,0,7.18,12.4,0.8615999999999999,7.18,0.86,1.82,67.81,0.0
0.66,759.5,318.5,220.5,3.5,3,0.0,0,7.1,12.23,0.852,7.1,0.85,1.82,68.17,0.0
0.66,759.5,318.5,220.5,3.5,4,0.0,0,7.1,12.4,0.852,7.1,0.85,1.82,68.17,0.0
0.66,759.5,318.5,220.5,3.5,5,0.0,0,7.1,12.14,0.852,7.1,0.85,1.82,68.17,0.0
0.64,784.0,343.0,220.5,3.5,2,0.0,0,10.85,16.78,1.3019999999999998,10.85,1.3,1.37,51.36,0.0
0.64,784.0,343.0,220.5,3.5,3,0.0,0,10.54,16.8,1.2648,10.54,1.26,1.41,52.75,0.0
0.64,784.0,343.0,220.5,3.5,4,0.0,0,10.77,16.75,1.2924,10.77,1.29,1.38,51.72,0.0
0.64,784.0,343.0,220.5,3.5,5,0.0,0,10.56,16.67,1.2672,10.56,1.27,1.41,52.66,0.0
0.62,808.5,367.5,220.5,3.5,2,0.0,0,8.6,12.07,1.032,8.6,1.03,1.64,61.45,0.0
0.62,808.5,367.5,220.5,3.5,3,0.0,0,8.49,12.22,1.0188,8.49,1.02,1.66,61.94,0.0
0.62,808.5,367.5,220.5,3.5,4,0.0,0,8.45,12.08,1.0139999999999998,8.45,1.01,1.66,62.12,0.0
0.62,808.5,367.5,220.5,3.5,5,0.0,0,8.5,12.04,1.02,8.5,1.02,1.66,61.9,0.0
0.98,514.5,294.0,110.25,7.0,2,0.1,1,24.58,26.47,2.9495999999999998,24.58,2.95,-0.27,-10.19,0.0
0.98,514.5,294.0,110.25,7.0,3,0.1,1,24.63,26.37,2.9555999999999996,24.63,2.96,-0.28,-10.41,0.0
0.98,514.5,294.0,110.25,7.0,4,0.1,1,24.63,26.44,2.9555999999999996,24.63,2.96,-0.28,-10.41,0.0
0.98,514.5,294.0,110.25,7.0,5,0.1,1,24.59,26.29,2.9508,24.59,2.95,-0.27,-10.23,0.0
0.9,563.5,318.5,122.5,7.0,2,0.1,1,29.03,32.92,3.4836,29.03,3.48,-0.81,-30.14,0.0
0.9,563.5,318.5,122.5,7.0,3,0.1,1,29.87,29.87,3.5844,29.87,3.58,-0.91,-33.9,0.0
0.9,563.5,318.5,122.5,7.0,4,0.1,1,29.14,29.58,3.4968,29.14,3.5,-0.82,-30.63,0.0
0.9,563.5,318.5,122.5,7.0,5,0.1,1,28.09,34.33,3.3708,28.09,3.37,-0.69,-25.92,0.0
0.86,588.0,294.0,147.0,7.0,2,0.1,1,26.28,30.89,3.1536,26.28,3.15,-0.48,-17.81,0.0
0.86,588.0,294.0,147.0,7.0,3,0.1,1,26.91,25.6,3.2292,26.91,3.23,-0.55,-20.63,0.0
0.86,588.0,294.0,147.0,7.0,4,0.1,1,26.37,27.03,3.1644,26.37,3.16,-0.49,-18.21,0.0
0.86,588.0,294.0,147.0,7.0,5,0.1,1,25.27,31.73,3.0324,25.27,3.03,-0.36,-13.28,0.0
0.82,612.5,318.5,147.0,7.0,2,0.1,1,23.53,27.31,2.8236,23.53,2.82,-0.15,-5.48,0.0
0.82,612.5,318.5,147.0,7.0,3,0.1,1,24.03,24.91,2.8836,24.03,2.88,-0.21,-7.72,0.0
0.82,612.5,318.5,147.0,7.0,4,0.1,1,23.54,24.61,2.8247999999999998,23.54,2.82,-0.15,-5.53,0.0
0.82,612.5,318.5,147.0,7.0,5,0.1,1,22.58,28.51,2.7095999999999996,22.58,2.71,-0.03,-1.22,0.0
0.79,637.0,343.0,147.0,7.0,2,0.1,1,35.56,41.68,4.2672,35.56,4.27,-1.59,-59.41,0.0
0.79,637.0,343.0,147.0,7.0,3,0.1,1,37.12,35.28,4.4544,37.12,4.45,-1.78,-66.4,0.0
0.79,637.0,343.0,147.0,7.0,4,0.1,1,36.9,34.43,4.428,36.9,4.43,-1.75,-65.42,0.0
0.79,637.0,343.0,147.0,7.0,5,0.1,1,35.94,43.33,4.312799999999999,35.94,4.31,-1.64,-61.11,0.0
0.76,661.5,416.5,122.5,7.0,2,0.1,1,32.96,33.87,3.9552,32.96,3.96,-1.28,-47.76,0.0
0.76,661.5,416.5,122.5,7.0,3,0.1,1,32.12,34.07,3.8543999999999996,32.12,3.85,-1.18,-43.99,0.0
0.76,661.5,416.5,122.5,7.0,4,0.1,1,32.94,34.14,3.9527999999999994,32.94,3.95,-1.28,-47.67,0.0
0.76,661.5,416.5,122.5,7.0,5,0.1,1,32.21,33.67,3.8651999999999997,32.21,3.87,-1.19,-44.39,0.0
0.74,686.0,245.0,220.5,3.5,2,0.1,1,10.36,13.43,1.2431999999999999,10.36,1.24,1.43,53.56,0.0
0.74,686.0,245.0,220.5,3.5,3,0.1,1,10.43,13.71,1.2515999999999998,10.43,1.25,1.43,53.24,0.0
0.74,686.0,245.0,220.5,3.5,4,0.1,1,10.36,13.48,1.2431999999999999,10.36,1.24,1.43,53.56,0.0
0.74,686.0,245.0,220.5,3.5,5,0.1,1,10.39,13.7,1.2468000000000001,10.39,1.25,1.43,53.42,0.0
0.71,710.5,269.5,220.5,3.5,2,0.1,1,10.71,13.8,1.2852000000000001,10.71,1.29,1.39,51.99,0.0
0.71,710.5,269.5,220.5,3.5,3,0.1,1,10.8,14.28,1.296,10.8,1.3,1.38,51.59,0.0
0.71,710.5,269.5,220.5,3.5,4,0.1,1,10.7,13.87,1.2839999999999998,10.7,1.28,1.39,52.03,0.0
0.71,710.5,269.5,220.5,3.5,5,0.1,1,10.75,14.27,1.29,10.75,1.29,1.39,51.81,0.0
0.69,735.0,294.0,220.5,3.5,2,0.1,1,11.11,14.28,1.3332,11.11,1.33,1.34,50.2,0.0
0.69,735.0,294.0,220.5,3.5,3,0.1,1,11.13,14.61,1.3356000000000001,11.13,1.34,1.34,50.11,0.0
0.69,735.0,294.0,220.5,3.5,4,0.1,1,11.09,14.3,1.3308,11.09,1.33,1.35,50.29,0.0
0.69,735.0,294.0,220.5,3.5,5,0.1,1,11.16,14.45,1.3392,11.16,1.34,1.34,49.97,0.0
0.66,759.5,318.5,220.5,3.5,2,0.1,1,11.68,13.9,1.4016,11.68,1.4,1.28,47.64,0.0
0.66,759.5,318.5,220.5,3.5,3,0.1,1,11.69,13.72,1.4027999999999998,11.69,1.4,1.27,47.6,0.0
0.66,759.5,318.5,220.5,3.5,4,0.1,1,11.7,13.88,1.404,11.7,1.4,1.27,47.55,0.0
0.66,759.5,318.5,220.5,3.5,5,0.1,1,11.69,13.65,1.4027999999999998,11.69,1.4,1.27,47.6,0.0
0.64,784.0,343.0,220.5,3.5,2,0.1,1,15.41,19.37,1.8492,15.41,1.85,0.83,30.92,0.0
0.64,784.0,343.0,220.5,3.5,3,0.1,1,15.2,19.43,1.8239999999999998,15.2,1.82,0.85,31.86,0.0
0.64,784.0,343.0,220.5,3.5,4,0.1,1,15.42,19.34,1.8503999999999998,15.42,1.85,0.83,30.87,0.0
0.64,784.0,343.0,220.5,3.5,5,0.1,1,15.21,19.32,1.8252,15.21,1.83,0.85,31.82,0.0
0.62,808.5,367.5,220.5,3.5,2,0.1,1,12.96,14.34,1.5552000000000001,12.96,1.56,1.12,41.9,0.0
0.62,808.5,367.5,220.5,3.5,3,0.1,1,12.97,14.5,1.5564,12.97,1.56,1.12,41.86,0.0
0.62,808.5,367.5,220.5,3.5,4,0.1,1,12.93,14.33,1.5515999999999999,12.93,1.55,1.13,42.04,0.0
0.62,808.5,367.5,220.5,3.5,5,0.1,1,13.02,14.27,1.5623999999999998,13.02,1.56,1.11,41.63,0.0
0.98,514.5,294.0,110.25,7.0,2,0.1,2,24.29,25.95,2.9147999999999996,24.29,2.91,-0.24,-8.89,0.0
0.98,514.5,294.0,110.25,7.0,3,0.1,2,24.31,25.63,2.9172,24.31,2.92,-0.24,-8.98,0.0
0.98,514.5,294.0,110.25,7.0,4,0.1,2,24.13,26.13,2.8956,24.13,2.9,-0.22,-8.17,0.0
0.98,514.5,294.0,110.25,7.0,5,0.1,2,24.25,25.89,2.9099999999999997,24.25,2.91,-0.23,-8.71,0.0
0.9,563.5,318.5,122.5,7.0,2,0.1,2,28.88,32.54,3.4656,28.88,3.47,-0.79,-29.46,0.0
0.9,563.5,318.5,122.5,7.0,3,0.1,2,29.68,29.44,3.5616,29.68,3.56,-0.88,-33.05,0.0
0.9,563.5,318.5,122.5,7.0,4,0.1,2,28.83,29.36,3.4595999999999996,28.83,3.46,-0.78,-29.24,0.0
0.9,563.5,318.5,122.5,7.0,5,0.1,2,27.9,34.2,3.348,27.9,3.35,-0.67,-25.07,0.0
0.86,588.0,294.0,147.0,7.0,2,0.1,2,26.48,30.91,3.1776,26.48,3.18,-0.5,-18.71,0.0
0.86,588.0,294.0,147.0,7.0,3,0.1,2,27.02,25.63,3.2424,27.02,3.24,-0.57,-21.13,0.0
0.86,588.0,294.0,147.0,7.0,4,0.1,2,26.33,27.36,3.1595999999999997,26.33,3.16,-0.48,-18.03,0.0
0.86,588.0,294.0,147.0,7.0,5,0.1,2,25.36,31.9,3.0431999999999997,25.36,3.04,-0.37,-13.69,0.0
0.82,612.5,318.5,147.0,7.0,2,0.1,2,23.75,27.38,2.85,23.75,2.85,-0.17,-6.47,0.0
0.82,612.5,318.5,147.0,7.0,3,0.1,2,24.23,25.02,2.9076,24.23,2.91,-0.23,-8.62,0.0
0.82,612.5,318.5,147.0,7.0,4,0.1,2,23.67,24.8,2.8404000000000003,23.67,2.84,-0.16,-6.11,0.0
0.82,612.5,318.5,147.0,7.0,5,0.1,2,22.79,28.79,2.7348,22.79,2.73,-0.06,-2.16,0.0
0.79,637.0,343.0,147.0,7.0,2,0.1,2,35.65,41.07,4.278,35.65,4.28,-1.6,-59.81,0.0
0.79,637.0,343.0,147.0,7.0,3,0.1,2,37.26,34.62,4.4712,37.26,4.47,-1.79,-67.03,0.0
0.79,637.0,343.0,147.0,7.0,4,0.1,2,36.97,33.87,4.4364,36.97,4.44,-1.76,-65.73,0.0
0.79,637.0,343.0,147.0,7.0,5,0.1,2,36.03,42.86,4.3236,36.03,4.32,-1.65,-61.52,0.0
0.76,661.5,416.5,122.5,7.0,2,0.1,2,33.16,33.91,3.9791999999999996,33.16,3.98,-1.3,-48.65,0.0
0.76,661.5,416.5,122.5,7.0,3,0.1,2,32.4,34.07,3.888,32.4,3.89,-1.21,-45.24,0.0
0.76,661.5,416.5,122.5,7.0,4,0.1,2,33.12,34.17,3.9743999999999997,33.12,3.97,-1.3,-48.47,0.0
0.76,661.5,416.5,122.5,7.0,5,0.1,2,32.41,33.78,3.8891999999999993,32.41,3.89,-1.21,-45.29,0.0
0.74,686.0,245.0,220.5,3.5,2,0.1,2,10.42,13.39,1.2504,10.42,1.25,1.43,53.29,0.0
0.74,686.0,245.0,220.5,3.5,3,0.1,2,10.46,13.72,1.2552,10.46,1.26,1.42,53.11,0.0
0.74,686.0,245.0,220.5,3.5,4,0.1,2,10.32,13.57,1.2384,10.32,1.24,1.44,53.74,0.0
0.74,686.0,245.0,220.5,3.5,5,0.1,2,10.45,13.79,1.2539999999999998,10.45,1.25,1.42,53.15,0.0
0.71,710.5,269.5,220.5,3.5,2,0.1,2,10.64,13.67,1.2768,10.64,1.28,1.4,52.3,0.0
0.71,710.5,269.5,220.5,3.5,3,0.1,2,10.72,14.11,1.2864,10.72,1.29,1.39,51.94,0.0
0.71,710.5,269.5,220.5,3.5,4,0.1,2,10.55,13.8,1.266,10.55,1.27,1.41,52.71,0.0
0.71,710.5,269.5,220.5,3.5,5,0.1,2,10.68,14.21,1.2815999999999999,10.68,1.28,1.4,52.12,0.0
0.69,735.0,294.0,220.5,3.5,2,0.1,2,11.45,13.2,1.3739999999999999,11.45,1.37,1.3,48.67,0.0
0.69,735.0,294.0,220.5,3.5,3,0.1,2,11.46,13.54,1.3752,11.46,1.38,1.3,48.63,0.0
0.69,735.0,294.0,220.5,3.5,4,0.1,2,11.32,13.32,1.3584,11.32,1.36,1.32,49.25,0.0
0.69,735.0,294.0,220.5,3.5,5,0.1,2,11.49,13.51,1.3788,11.49,1.38,1.3,48.49,0.0
0.66,759.5,318.5,220.5,3.5,2,0.1,2,11.45,14.86,1.3739999999999999,11.45,1.37,1.3,48.67,0.0
0.66,759.5,318.5,220.5,3.5,3,0.1,2,11.42,14.75,1.3703999999999998,11.42,1.37,1.31,48.81,0.0
0.66,759.5,318.5,220.5,3.5,4,0.1,2,11.33,15.0,1.3596,11.33,1.36,1.32,49.21,0.0
0.66,759.5,318.5,220.5,3.5,5,0.1,2,11.43,14.74,1.3716,11.43,1.37,1.31,48.76,0.0
0.64,784.0,343.0,220.5,3.5,2,0.1,2,15.41,19.23,1.8492,15.41,1.85,0.83,30.92,0.0
0.64,784.0,343.0,220.5,3.5,3,0.1,2,15.18,19.34,1.8215999999999999,15.18,1.82,0.86,31.95,0.0
0.64,784.0,343.0,220.5,3.5,4,0.1,2,15.34,19.32,1.8408,15.34,1.84,0.84,31.23,0.0
0.64,784.0,343.0,220.5,3.5,5,0.1,2,15.19,19.3,1.8228,15.19,1.82,0.85,31.91,0.0
0.62,808.5,367.5,220.5,3.5,2,0.1,2,12.88,14.37,1.5456,12.88,1.55,1.13,42.26,0.0
0.62,808.5,367.5,220.5,3.5,3,0.1,2,13.0,14.57,1.56,13.0,1.56,1.12,41.72,0.0
0.62,808.5,367.5,220.5,3.5,4,0.1,2,12.97,14.27,1.5564,12.97,1.56,1.12,41.86,0.0
0.62,808.5,367.5,220.5,3.5,5,0.1,2,13.04,14.24,1.5647999999999997,13.04,1.56,1.11,41.54,0.0
0.98,514.5,294.0,110.25,7.0,2,0.1,3,24.28,25.68,2.9136,24.28,2.91,-0.24,-8.84,0.0
0.98,514.5,294.0,110.25,7.0,3,0.1,3,24.4,26.02,2.928,24.4,2.93,-0.25,-9.38,0.0
0.98,514.5,294.0,110.25,7.0,4,0.1,3,24.11,25.84,2.8931999999999998,24.11,2.89,-0.22,-8.08,0.0
0.98,514.5,294.0,110.25,7.0,5,0.1,3,24.35,26.14,2.922,24.35,2.92,-0.25,-9.16,0.0
0.9,563.5,318.5,122.5,7.0,2,0.1,3,28.07,34.14,3.3684,28.07,3.37,-0.69,-25.83,0.0
0.9,563.5,318.5,122.5,7.0,3,0.1,3,29.01,32.85,3.4812,29.01,3.48,-0.8,-30.05,0.0
0.9,563.5,318.5,122.5,7.0,4,0.1,3,29.62,30.08,3.5544,29.62,3.55,-0.88,-32.78,0.0
0.9,563.5,318.5,122.5,7.0,5,0.1,3,29.05,29.67,3.4859999999999998,29.05,3.49,-0.81,-30.23,0.0
0.86,588.0,294.0,147.0,7.0,2,0.1,3,25.41,31.73,3.0492,25.41,3.05,-0.37,-13.91,0.0
0.86,588.0,294.0,147.0,7.0,3,0.1,3,26.47,31.01,3.1763999999999997,26.47,3.18,-0.5,-18.66,0.0
0.86,588.0,294.0,147.0,7.0,4,0.1,3,26.89,25.9,3.2268,26.89,3.23,-0.55,-20.54,0.0
0.86,588.0,294.0,147.0,7.0,5,0.1,3,26.46,27.4,3.1752,26.46,3.18,-0.5,-18.62,0.0
0.82,612.5,318.5,147.0,7.0,2,0.1,3,22.93,28.68,2.7516,22.93,2.75,-0.07,-2.79,0.0
0.82,612.5,318.5,147.0,7.0,3,0.1,3,23.84,27.54,2.8608,23.84,2.86,-0.18,-6.87,0.0
0.82,612.5,318.5,147.0,7.0,4,0.1,3,24.17,25.35,2.9004000000000003,24.17,2.9,-0.22,-8.35,0.0
0.82,612.5,318.5,147.0,7.0,5,0.1,3,23.87,24.93,2.8644,23.87,2.86,-0.19,-7.01,0.0
0.79,637.0,343.0,147.0,7.0,2,0.1,3,35.78,43.12,4.2936,35.78,4.29,-1.62,-60.4,0.0
0.79,637.0,343.0,147.0,7.0,3,0.1,3,35.48,41.22,4.257599999999999,35.48,4.26,-1.58,-59.05,0.0
0.79,637.0,343.0,147.0,7.0,4,0.1,3,36.97,35.1,4.4364,36.97,4.44,-1.76,-65.73,0.0
0.79,637.0,343.0,147.0,7.0,5,0.1,3,36.7,34.29,4.404,36.7,4.4,-1.73,-64.52,0.0
0.76,661.5,416.5,122.5,7.0,2,0.1,3,32.52,33.85,3.9024,32.52,3.9,-1.23,-45.78,0.0
0.76,661.5,416.5,122.5,7.0,3,0.1,3,33.28,34.11,3.9936,33.28,3.99,-1.32,-49.19,0.0
0.76,661.5,416.5,122.5,7.0,4,0.1,3,32.33,34.48,3.8795999999999995,32.33,3.88,-1.2,-44.93,0.0
0.76,661.5,416.5,122.5,7.0,5,0.1,3,33.24,34.5,3.9888,33.24,3.99,-1.31,-49.01,0.0
0.74,686.0,245.0,220.5,3.5,2,0.1,3,10.39,13.6,1.2468000000000001,10.39,1.25,1.43,53.42,0.0
0.74,686.0,245.0,220.5,3.5,3,0.1,3,10.34,13.36,1.2408,10.34,1.24,1.44,53.65,0.0
0.74,686.0,245.0,220.5,3.5,4,0.1,3,10.35,13.65,1.242,10.35,1.24,1.43,53.6,0.0
0.74,686.0,245.0,220.5,3.5,5,0.1,3,10.38,13.49,1.2456,10.38,1.25,1.43,53.47,0.0
0.71,710.5,269.5,220.5,3.5,2,0.1,3,10.77,14.14,1.2924,10.77,1.29,1.38,51.72,0.0
0.71,710.5,269.5,220.5,3.5,3,0.1,3,10.68,13.77,1.2815999999999999,10.68,1.28,1.4,52.12,0.0
0.71,710.5,269.5,220.5,3.5,4,0.1,3,10.68,14.3,1.2815999999999999,10.68,1.28,1.4,52.12,0.0
0.71,710.5,269.5,220.5,3.5,5,0.1,3,10.7,13.87,1.2839999999999998,10.7,1.28,1.39,52.03,0.0
0.69,735.0,294.0,220.5,3.5,2,0.1,3,11.22,14.44,1.3464,11.22,1.35,1.33,49.7,0.0
0.69,735.0,294.0,220.5,3.5,3,0.1,3,11.16,14.27,1.3392,11.16,1.34,1.34,49.97,0.0
0.69,735.0,294.0,220.5,3.5,4,0.1,3,11.1,14.67,1.3319999999999999,11.1,1.33,1.34,50.24,0.0
0.69,735.0,294.0,220.5,3.5,5,0.1,3,11.14,14.4,1.3368,11.14,1.34,1.34,50.06,0.0
0.66,759.5,318.5,220.5,3.5,2,0.1,3,11.59,13.46,1.3908,11.59,1.39,1.29,48.04,0.0
0.66,759.5,318.5,220.5,3.5,3,0.1,3,11.6,13.7,1.392,11.6,1.39,1.28,48.0,0.0
0.66,759.5,318.5,220.5,3.5,4,0.1,3,11.53,13.59,1.3836,11.53,1.38,1.29,48.31,0.0
0.66,759.5,318.5,220.5,3.5,5,0.1,3,11.61,13.83,1.3931999999999998,11.61,1.39,1.28,47.95,0.0
0.64,784.0,343.0,220.5,3.5,2,0.1,3,15.16,19.14,1.8192,15.16,1.82,0.86,32.04,0.0
0.64,784.0,343.0,220.5,3.5,3,0.1,3,15.36,19.18,1.8432,15.36,1.84,0.83,31.14,0.0
0.64,784.0,343.0,220.5,3.5,4,0.1,3,15.12,19.37,1.8143999999999998,15.12,1.81,0.86,32.22,0.0
0.64,784.0,343.0,220.5,3.5,5,0.1,3,15.36,19.29,1.8432,15.36,1.84,0.83,31.14,0.0
0.62,808.5,367.5,220.5,3.5,2,0.1,3,12.68,14.09,1.5215999999999998,12.68,1.52,1.16,43.16,0.0
0.62,808.5,367.5,220.5,3.5,3,0.1,3,12.63,14.23,1.5156,12.63,1.52,1.16,43.38,0.0
0.62,808.5,367.5,220.5,3.5,4,0.1,3,12.71,14.14,1.5252000000000001,12.71,1.53,1.15,43.02,0.0
0.62,808.5,367.5,220.5,3.5,5,0.1,3,12.73,13.89,1.5276,12.73,1.53,1.15,42.93,0.0
0.98,514.5,294.0,110.25,7.0,2,0.1,4,24.38,25.91,2.9255999999999998,24.38,2.93,-0.25,-9.29,0.0
0.98,514.5,294.0,110.25,7.0,3,0.1,4,24.23,25.72,2.9076,24.23,2.91,-0.23,-8.62,0.0
0.98,514.5,294.0,110.25,7.0,4,0.1,4,24.04,26.18,2.8848,24.04,2.88,-0.21,-7.77,0.0
0.98,514.5,294.0,110.25,7.0,5,0.1,4,24.32,25.87,2.9184,24.32,2.92,-0.24,-9.02,0.0
0.9,563.5,318.5,122.5,7.0,2,0.1,4,29.06,29.34,3.4871999999999996,29.06,3.49,-0.81,-30.27,0.0
0.9,563.5,318.5,122.5,7.0,3,0.1,4,28.05,33.91,3.366,28.05,3.37,-0.69,-25.74,0.0
0.9,563.5,318.5,122.5,7.0,4,0.1,4,28.86,32.83,3.4631999999999996,28.86,3.46,-0.79,-29.38,0.0
0.9,563.5,318.5,122.5,7.0,5,0.1,4,29.79,29.92,3.5747999999999998,29.79,3.57,-0.9,-33.54,0.0
0.86,588.0,294.0,147.0,7.0,2,0.1,4,26.44,27.17,3.1728,26.44,3.17,-0.5,-18.53,0.0
0.86,588.0,294.0,147.0,7.0,3,0.1,4,25.37,31.76,3.0444,25.37,3.04,-0.37,-13.73,0.0
0.86,588.0,294.0,147.0,7.0,4,0.1,4,26.33,31.06,3.1595999999999997,26.33,3.16,-0.48,-18.03,0.0
0.86,588.0,294.0,147.0,7.0,5,0.1,4,27.03,25.81,3.2436,27.03,3.24,-0.57,-21.17,0.0
0.82,612.5,318.5,147.0,7.0,2,0.1,4,23.8,24.61,2.856,23.8,2.86,-0.18,-6.69,0.0
0.82,612.5,318.5,147.0,7.0,3,0.1,4,22.8,28.61,2.7359999999999998,22.8,2.74,-0.06,-2.21,0.0
0.82,612.5,318.5,147.0,7.0,4,0.1,4,23.59,27.57,2.8308,23.59,2.83,-0.15,-5.75,0.0
0.82,612.5,318.5,147.0,7.0,5,0.1,4,24.24,25.16,2.9088,24.24,2.91,-0.23,-8.66,0.0
0.79,637.0,343.0,147.0,7.0,2,0.1,4,36.86,34.25,4.4232,36.86,4.42,-1.75,-65.24,0.0
0.79,637.0,343.0,147.0,7.0,3,0.1,4,35.89,43.3,4.3068,35.89,4.31,-1.63,-60.89,0.0
0.79,637.0,343.0,147.0,7.0,4,0.1,4,35.45,41.86,4.2540000000000004,35.45,4.25,-1.58,-58.92,0.0
0.79,637.0,343.0,147.0,7.0,5,0.1,4,37.1,35.29,4.452,37.1,4.45,-1.78,-66.31,0.0
0.76,661.5,416.5,122.5,7.0,2,0.1,4,33.08,34.11,3.9696,33.08,3.97,-1.29,-48.29,0.0
0.76,661.5,416.5,122.5,7.0,3,0.1,4,32.38,33.62,3.8856,32.38,3.89,-1.21,-45.15,0.0
0.76,661.5,416.5,122.5,7.0,4,0.1,4,33.09,33.89,3.9708,33.09,3.97,-1.29,-48.34,0.0
0.76,661.5,416.5,122.5,7.0,5,0.1,4,32.31,34.05,3.8772,32.31,3.88,-1.2,-44.84,0.0
0.74,686.0,245.0,220.5,3.5,2,0.1,4,10.08,13.2,1.2096,10.08,1.21,1.47,54.81,0.0
0.74,686.0,245.0,220.5,3.5,3,0.1,4,10.15,13.36,1.218,10.15,1.22,1.46,54.5,0.0
0.74,686.0,245.0,220.5,3.5,4,0.1,4,10.07,13.21,1.2084,10.07,1.21,1.47,54.86,0.0
0.74,686.0,245.0,220.5,3.5,5,0.1,4,10.14,13.53,1.2168,10.14,1.22,1.46,54.54,0.0
0.71,710.5,269.5,220.5,3.5,2,0.1,4,10.66,13.67,1.2792,10.66,1.28,1.4,52.21,0.0
0.71,710.5,269.5,220.5,3.5,3,0.1,4,10.68,14.12,1.2815999999999999,10.68,1.28,1.4,52.12,0.0
0.71,710.5,269.5,220.5,3.5,4,0.1,4,10.53,13.79,1.2635999999999998,10.53,1.26,1.41,52.8,0.0
0.71,710.5,269.5,220.5,3.5,5,0.1,4,10.72,14.2,1.2864,10.72,1.29,1.39,51.94,0.0
0.69,735.0,294.0,220.5,3.5,2,0.1,4,11.18,14.29,1.3416,11.18,1.34,1.34,49.88,0.0
0.69,735.0,294.0,220.5,3.5,3,0.1,4,11.22,14.49,1.3464,11.22,1.35,1.33,49.7,0.0
0.69,735.0,294.0,220.5,3.5,4,0.1,4,11.07,14.42,1.3284,11.07,1.33,1.35,50.37,0.0
0.69,735.0,294.0,220.5,3.5,5,0.1,4,11.2,14.73,1.3439999999999999,11.2,1.34,1.33,49.79,0.0
0.66,759.5,318.5,220.5,3.5,2,0.1,4,11.44,14.86,1.3727999999999998,11.44,1.37,1.3,48.72,0.0
0.66,759.5,318.5,220.5,3.5,3,0.1,4,11.42,14.67,1.3703999999999998,11.42,1.37,1.31,48.81,0.0
0.66,759.5,318.5,220.5,3.5,4,0.1,4,11.33,15.0,1.3596,11.33,1.36,1.32,49.21,0.0
0.66,759.5,318.5,220.5,3.5,5,0.1,4,11.43,14.83,1.3716,11.43,1.37,1.31,48.76,0.0
0.64,784.0,343.0,220.5,3.5,2,0.1,4,15.4,19.24,1.8479999999999999,15.4,1.85,0.83,30.96,0.0
0.64,784.0,343.0,220.5,3.5,3,0.1,4,15.19,19.25,1.8228,15.19,1.82,0.85,31.91,0.0
0.64,784.0,343.0,220.5,3.5,4,0.1,4,15.32,19.42,1.8384,15.32,1.84,0.84,31.32,0.0
0.64,784.0,343.0,220.5,3.5,5,0.1,4,15.16,19.48,1.8192,15.16,1.82,0.86,32.04,0.0
0.62,808.5,367.5,220.5,3.5,2,0.1,4,12.85,14.37,1.5419999999999998,12.85,1.54,1.13,42.4,0.0
0.62,808.5,367.5,220.5,3.5,3,0.1,4,13.04,14.34,1.5647999999999997,13.04,1.56,1.11,41.54,0.0
0.62,808.5,367.5,220.5,3.5,4,0.1,4,13.0,14.28,1.56,13.0,1.56,1.12,41.72,0.0
0.62,808.5,367.5,220.5,3.5,5,0.1,4,13.0,14.47,1.56,13.0,1.56,1.12,41.72,0.0
0.98,514.5,294.0,110.25,7.0,2,0.1,5,24.35,25.64,2.922,24.35,2.92,-0.25,-9.16,0.0
0.98,514.5,294.0,110.25,7.0,3,0.1,5,24.33,25.98,2.9195999999999995,24.33,2.92,-0.24,-9.07,0.0
0.98,514.5,294.0,110.25,7.0,4,0.1,5,24.03,25.88,2.8836,24.03,2.88,-0.21,-7.72,0.0
0.98,514.5,294.0,110.25,7.0,5,0.1,5,24.26,26.18,2.9112,24.26,2.91,-0.23,-8.75,0.0
0.9,563.5,318.5,122.5,7.0,2,0.1,5,29.83,29.82,3.5795999999999997,29.83,3.58,-0.9,-33.72,0.0
0.9,563.5,318.5,122.5,7.0,3,0.1,5,29.08,29.52,3.4896,29.08,3.49,-0.81,-30.36,0.0
0.9,563.5,318.5,122.5,7.0,4,0.1,5,28.03,34.45,3.3636,28.03,3.36,-0.69,-25.65,0.0
0.9,563.5,318.5,122.5,7.0,5,0.1,5,29.02,33.01,3.4823999999999997,29.02,3.48,-0.81,-30.09,0.0
0.86,588.0,294.0,147.0,7.0,2,0.1,5,27.03,25.82,3.2436,27.03,3.24,-0.57,-21.17,0.0
0.86,588.0,294.0,147.0,7.0,3,0.1,5,26.45,27.33,3.174,26.45,3.17,-0.5,-18.57,0.0
0.86,588.0,294.0,147.0,7.0,4,0.1,5,25.36,32.04,3.0431999999999997,25.36,3.04,-0.37,-13.69,0.0
0.86,588.0,294.0,147.0,7.0,5,0.1,5,26.45,31.28,3.174,26.45,3.17,-0.5,-18.57,0.0
0.82,612.5,318.5,147.0,7.0,2,0.1,5,24.37,25.11,2.9244,24.37,2.92,-0.25,-9.25,0.0
0.82,612.5,318.5,147.0,7.0,3,0.1,5,23.89,24.77,2.8668,23.89,2.87,-0.19,-7.1,0.0
0.82,612.5,318.5,147.0,7.0,4,0.1,5,22.89,28.88,2.7468,22.89,2.75,-0.07,-2.61,0.0
0.82,612.5,318.5,147.0,7.0,5,0.1,5,23.86,27.69,2.8632,23.86,2.86,-0.19,-6.96,0.0
0.79,637.0,343.0,147.0,7.0,2,0.1,5,37.03,34.99,4.4436,37.03,4.44,-1.77,-66.0,0.0
0.79,637.0,343.0,147.0,7.0,3,0.1,5,36.71,34.18,4.4052,36.71,4.41,-1.73,-64.57,0.0
0.79,637.0,343.0,147.0,7.0,4,0.1,5,36.77,43.14,4.4124,36.77,4.41,-1.74,-64.83,0.0
0.79,637.0,343.0,147.0,7.0,5,0.1,5,35.48,41.26,4.257599999999999,35.48,4.26,-1.58,-59.05,0.0
0.76,661.5,416.5,122.5,7.0,2,0.1,5,32.31,34.25,3.8772,32.31,3.88,-1.2,-44.84,0.0
0.76,661.5,416.5,122.5,7.0,3,0.1,5,33.21,34.35,3.9852,33.21,3.99,-1.31,-48.88,0.0
0.76,661.5,416.5,122.5,7.0,4,0.1,5,32.46,33.64,3.8952,32.46,3.9,-1.22,-45.51,0.0
0.76,661.5,416.5,122.5,7.0,5,0.1,5,33.27,33.88,3.9924000000000004,33.27,3.99,-1.32,-49.14,0.0
0.74,686.0,245.0,220.5,3.5,2,0.1,5,10.47,13.65,1.2564,10.47,1.26,1.42,53.06,0.0
0.74,686.0,245.0,220.5,3.5,3,0.1,5,10.37,13.44,1.2444,10.37,1.24,1.43,53.51,0.0
0.74,686.0,245.0,220.5,3.5,4,0.1,5,10.34,13.72,1.2408,10.34,1.24,1.44,53.65,0.0
0.74,686.0,245.0,220.5,3.5,5,0.1,5,10.39,13.5,1.2468000000000001,10.39,1.25,1.43,53.42,0.0
0.71,710.5,269.5,220.5,3.5,2,0.1,5,10.78,14.18,1.2935999999999999,10.78,1.29,1.38,51.67,0.0
0.71,710.5,269.5,220.5,3.5,3,0.1,5,10.7,13.75,1.2839999999999998,10.7,1.28,1.39,52.03,0.0
0.71,710.5,269.5,220.5,3.5,4,0.1,5,10.67,14.26,1.2804,10.67,1.28,1.4,52.17,0.0
0.71,710.5,269.5,220.5,3.5,5,0.1,5,13.69,13.89,1.6427999999999998,13.69,1.64,1.03,38.63,0.0
0.69,735.0,294.0,220.5,3.5,2,0.1,5,11.21,14.55,1.3452,11.21,1.35,1.33,49.75,0.0
0.69,735.0,294.0,220.5,3.5,3,0.1,5,11.14,14.28,1.3368,11.14,1.34,1.34,50.06,0.0
0.69,735.0,294.0,220.5,3.5,4,0.1,5,11.11,14.46,1.3332,11.11,1.33,1.34,50.2,0.0
0.69,735.0,294.0,220.5,3.5,5,0.1,5,11.16,14.39,1.3392,11.16,1.34,1.34,49.97,0.0
0.66,759.5,318.5,220.5,3.5,2,0.1,5,11.38,14.54,1.3656000000000001,11.38,1.37,1.31,48.99,0.0
0.66,759.5,318.5,220.5,3.5,3,0.1,5,11.34,14.81,1.3608,11.34,1.36,1.32,49.16,0.0
0.66,759.5,318.5,220.5,3.5,4,0.1,5,11.22,14.65,1.3464,11.22,1.35,1.33,49.7,0.0
0.66,759.5,318.5,220.5,3.5,5,0.1,5,11.34,14.87,1.3608,11.34,1.36,1.32,49.16,0.0
0.64,784.0,343.0,220.5,3.5,2,0.1,5,15.16,19.24,1.8192,15.16,1.82,0.86,32.04,0.0
0.64,784.0,343.0,220.5,3.5,3,0.1,5,15.37,19.18,1.8443999999999998,15.37,1.84,0.83,31.1,0.0
0.64,784.0,343.0,220.5,3.5,4,0.1,5,15.12,19.26,1.8143999999999998,15.12,1.81,0.86,32.22,0.0
0.64,784.0,343.0,220.5,3.5,5,0.1,5,15.36,19.29,1.8432,15.36,1.84,0.83,31.14,0.0
0.62,808.5,367.5,220.5,3.5,2,0.1,5,12.59,14.24,1.5108,12.59,1.51,1.17,43.56,0.0
0.62,808.5,367.5,220.5,3.5,3,0.1,5,12.74,13.97,1.5288,12.74,1.53,1.15,42.89,0.0
0.62,808.5,367.5,220.5,3.5,4,0.1,5,12.8,13.99,1.536,12.8,1.54,1.14,42.62,0.0
0.62,808.5,367.5,220.5,3.5,5,0.1,5,12.62,14.15,1.5143999999999997,12.62,1.51,1.16,43.43,0.0
0.98,514.5,294.0,110.25,7.0,2,0.25,1,28.15,29.79,3.3779999999999997,28.15,3.38,-0.7,-26.19,0.0
0.98,514.5,294.0,110.25,7.0,3,0.25,1,28.15,29.79,3.3779999999999997,28.15,3.38,-0.7,-26.19,0.0
0.98,514.5,294.0,110.25,7.0,4,0.25,1,28.37,29.28,3.4044,28.37,3.4,-0.73,-27.18,0.0
0.98,514.5,294.0,110.25,7.0,5,0.25,1,28.41,29.49,3.4092,28.41,3.41,-0.73,-27.36,0.0
0.9,563.5,318.5,122.5,7.0,2,0.25,1,32.68,36.12,3.9215999999999998,32.68,3.92,-1.24,-46.5,0.0
0.9,563.5,318.5,122.5,7.0,3,0.25,1,33.48,33.17,4.0176,33.48,4.02,-1.34,-50.09,0.0
0.9,563.5,318.5,122.5,7.0,4,0.25,1,32.84,32.71,3.9408000000000003,32.84,3.94,-1.26,-47.22,0.0
0.9,563.5,318.5,122.5,7.0,5,0.25,1,32.0,37.58,3.84,32.0,3.84,-1.16,-43.45,0.0
0.86,588.0,294.0,147.0,7.0,2,0.25,1,29.54,33.98,3.5448,29.54,3.54,-0.87,-32.42,0.0
0.86,588.0,294.0,147.0,7.0,3,0.25,1,30.05,28.61,3.606,30.05,3.61,-0.93,-34.71,0.0
0.86,588.0,294.0,147.0,7.0,4,0.25,1,29.6,30.12,3.552,29.6,3.55,-0.88,-32.69,0.0
0.86,588.0,294.0,147.0,7.0,5,0.25,1,28.66,34.73,3.4392,28.66,3.44,-0.76,-28.48,0.0
0.82,612.5,318.5,147.0,7.0,2,0.25,1,26.84,30.17,3.2207999999999997,26.84,3.22,-0.54,-20.32,0.0
0.82,612.5,318.5,147.0,7.0,3,0.25,1,27.27,27.84,3.2723999999999998,27.27,3.27,-0.6,-22.25,0.0
0.82,612.5,318.5,147.0,7.0,4,0.25,1,26.97,27.25,3.2363999999999997,26.97,3.24,-0.56,-20.9,0.0
0.82,612.5,318.5,147.0,7.0,5,0.25,1,26.19,31.39,3.1428,26.19,3.14,-0.47,-17.41,0.0
0.79,637.0,343.0,147.0,7.0,2,0.25,1,38.67,43.8,4.6404,38.67,4.64,-1.96,-73.35,0.0
0.79,637.0,343.0,147.0,7.0,3,0.25,1,40.03,37.81,4.8036,40.03,4.8,-2.13,-79.45,0.0
0.79,637.0,343.0,147.0,7.0,4,0.25,1,39.86,36.85,4.7832,39.86,4.78,-2.11,-78.69,0.0
0.79,637.0,343.0,147.0,7.0,5,0.25,1,39.04,45.52,4.6848,39.04,4.68,-2.01,-75.01,0.0
0.76,661.5,416.5,122.5,7.0,2,0.25,1,36.96,36.85,4.4352,36.96,4.44,-1.76,-65.69,0.0
0.76,661.5,416.5,122.5,7.0,3,0.25,1,36.13,37.58,4.3356,36.13,4.34,-1.66,-61.97,0.0
0.76,661.5,416.5,122.5,7.0,4,0.25,1,36.91,37.45,4.4292,36.91,4.43,-1.75,-65.46,0.0
0.76,661.5,416.5,122.5,7.0,5,0.25,1,36.43,36.62,4.3716,36.43,4.37,-1.69,-63.31,0.0
0.74,686.0,245.0,220.5,3.5,2,0.25,1,12.43,15.19,1.4915999999999998,12.43,1.49,1.19,44.28,0.0
0.74,686.0,245.0,220.5,3.5,3,0.25,1,12.5,15.5,1.5,12.5,1.5,1.18,43.96,0.0
0.74,686.0,245.0,220.5,3.5,4,0.25,1,12.41,15.28,1.4891999999999999,12.41,1.49,1.19,44.37,0.0
0.74,686.0,245.0,220.5,3.5,5,0.25,1,12.45,15.5,1.4939999999999998,12.45,1.49,1.18,44.19,0.0
0.71,710.5,269.5,220.5,3.5,2,0.25,1,12.57,15.42,1.5084,12.57,1.51,1.17,43.65,0.0
0.71,710.5,269.5,220.5,3.5,3,0.25,1,12.65,15.85,1.518,12.65,1.52,1.16,43.29,0.0
0.71,710.5,269.5,220.5,3.5,4,0.25,1,12.57,15.44,1.5084,12.57,1.51,1.17,43.65,0.0
0.71,710.5,269.5,220.5,3.5,5,0.25,1,12.63,15.81,1.5156,12.63,1.52,1.16,43.38,0.0
0.69,735.0,294.0,220.5,3.5,2,0.25,1,12.78,15.21,1.5335999999999999,12.78,1.53,1.14,42.71,0.0
0.69,735.0,294.0,220.5,3.5,3,0.25,1,12.93,15.63,1.5515999999999999,12.93,1.55,1.13,42.04,0.0
0.69,735.0,294.0,220.5,3.5,4,0.25,1,12.73,15.48,1.5276,12.73,1.53,1.15,42.93,0.0
0.69,735.0,294.0,220.5,3.5,5,0.25,1,12.72,15.78,1.5264,12.72,1.53,1.15,42.98,0.0
0.66,759.5,318.5,220.5,3.5,2,0.25,1,13.17,16.39,1.5804,13.17,1.58,1.1,40.96,0.0
0.66,759.5,318.5,220.5,3.5,3,0.25,1,13.18,16.27,1.5816,13.18,1.58,1.1,40.92,0.0
0.66,759.5,318.5,220.5,3.5,4,0.25,1,13.17,16.39,1.5804,13.17,1.58,1.1,40.96,0.0
0.66,759.5,318.5,220.5,3.5,5,0.25,1,13.18,16.19,1.5816,13.18,1.58,1.1,40.92,0.0
0.64,784.0,343.0,220.5,3.5,2,0.25,1,17.5,21.13,2.1,17.5,2.1,0.58,21.55,0.0
0.64,784.0,343.0,220.5,3.5,3,0.25,1,17.35,21.19,2.0820000000000003,17.35,2.08,0.59,22.22,0.0
0.64,784.0,343.0,220.5,3.5,4,0.25,1,17.52,21.09,2.1024,17.52,2.1,0.57,21.46,0.0
0.64,784.0,343.0,220.5,3.5,5,0.25,1,17.37,21.08,2.0844,17.37,2.08,0.59,22.13,0.0
0.62,808.5,367.5,220.5,3.5,2,0.25,1,15.09,15.77,1.8108,15.09,1.81,0.87,32.35,0.0
0.62,808.5,367.5,220.5,3.5,3,0.25,1,15.12,15.95,1.8143999999999998,15.12,1.81,0.86,32.22,0.0
0.62,808.5,367.5,220.5,3.5,4,0.25,1,15.08,15.77,1.8095999999999999,15.08,1.81,0.87,32.4,0.0
0.62,808.5,367.5,220.5,3.5,5,0.25,1,15.16,15.76,1.8192,15.16,1.82,0.86,32.04,0.0
0.98,514.5,294.0,110.25,7.0,2,0.25,2,28.67,29.62,3.4404,28.67,3.44,-0.76,-28.52,0.0
0.98,514.5,294.0,110.25,7.0,3,0.25,2,28.57,29.69,3.4284,28.57,3.43,-0.75,-28.08,0.0
0.98,514.5,294.0,110.25,7.0,4,0.25,2,28.18,30.18,3.3815999999999997,28.18,3.38,-0.7,-26.33,0.0
0.98,514.5,294.0,110.25,7.0,5,0.25,2,28.6,30.02,3.432,28.6,3.43,-0.76,-28.21,0.0
0.9,563.5,318.5,122.5,7.0,2,0.25,2,32.46,35.56,3.8952,32.46,3.9,-1.22,-45.51,0.0
0.9,563.5,318.5,122.5,7.0,3,0.25,2,33.27,32.64,3.9924000000000004,33.27,3.99,-1.32,-49.14,0.0
0.9,563.5,318.5,122.5,7.0,4,0.25,2,32.33,32.77,3.8795999999999995,32.33,3.88,-1.2,-44.93,0.0
0.9,563.5,318.5,122.5,7.0,5,0.25,2,31.66,37.72,3.7992,31.66,3.8,-1.12,-41.93,0.0
0.86,588.0,294.0,147.0,7.0,2,0.25,2,29.34,33.37,3.5208,29.34,3.52,-0.84,-31.53,0.0
0.86,588.0,294.0,147.0,7.0,3,0.25,2,29.87,27.89,3.5844,29.87,3.58,-0.91,-33.9,0.0
0.86,588.0,294.0,147.0,7.0,4,0.25,2,29.27,29.9,3.5124,29.27,3.51,-0.84,-31.21,0.0
0.86,588.0,294.0,147.0,7.0,5,0.25,2,28.4,34.52,3.408,28.4,3.41,-0.73,-27.31,0.0
0.82,612.5,318.5,147.0,7.0,2,0.25,2,25.74,28.27,3.0887999999999995,25.74,3.09,-0.41,-15.39,0.0
0.82,612.5,318.5,147.0,7.0,3,0.25,2,25.98,26.96,3.1176,25.98,3.12,-0.44,-16.46,0.0
0.82,612.5,318.5,147.0,7.0,4,0.25,2,25.38,26.72,3.0456,25.38,3.05,-0.37,-13.77,0.0
0.82,612.5,318.5,147.0,7.0,5,0.25,2,24.94,29.88,2.9928,24.94,2.99,-0.32,-11.8,0.0
0.79,637.0,343.0,147.0,7.0,2,0.25,2,38.57,43.86,4.6284,38.57,4.63,-1.95,-72.9,0.0
0.79,637.0,343.0,147.0,7.0,3,0.25,2,40.19,37.41,4.8228,40.19,4.82,-2.15,-80.17,0.0
0.79,637.0,343.0,147.0,7.0,4,0.25,2,39.97,36.77,4.796399999999999,39.97,4.8,-2.12,-79.18,0.0
0.79,637.0,343.0,147.0,7.0,5,0.25,2,38.98,45.97,4.677599999999999,38.98,4.68,-2.0,-74.74,0.0
0.76,661.5,416.5,122.5,7.0,2,0.25,2,36.95,36.87,4.434,36.95,4.43,-1.76,-65.64,0.0
0.76,661.5,416.5,122.5,7.0,3,0.25,2,36.28,37.35,4.3536,36.28,4.35,-1.68,-62.64,0.0
0.76,661.5,416.5,122.5,7.0,4,0.25,2,36.86,37.28,4.4232,36.86,4.42,-1.75,-65.24,0.0
0.76,661.5,416.5,122.5,7.0,5,0.25,2,36.45,36.81,4.3740000000000006,36.45,4.37,-1.7,-63.4,0.0
0.74,686.0,245.0,220.5,3.5,2,0.25,2,12.35,14.73,1.482,12.35,1.48,1.19,44.64,0.0
0.74,686.0,245.0,220.5,3.5,3,0.25,2,12.45,15.1,1.4939999999999998,12.45,1.49,1.18,44.19,0.0
0.74,686.0,245.0,220.5,3.5,4,0.25,2,12.16,15.18,1.4592,12.16,1.46,1.22,45.49,0.0
0.74,686.0,245.0,220.5,3.5,5,0.25,2,12.3,15.44,1.476,12.3,1.48,1.2,44.86,0.0
0.71,710.5,269.5,220.5,3.5,2,0.25,2,12.33,14.91,1.4796,12.33,1.48,1.2,44.73,0.0
0.71,710.5,269.5,220.5,3.5,3,0.25,2,12.29,15.4,1.4747999999999999,12.29,1.47,1.2,44.91,0.0
0.71,710.5,269.5,220.5,3.5,4,0.25,2,12.2,14.94,1.464,12.2,1.46,1.21,45.31,0.0
0.71,710.5,269.5,220.5,3.5,5,0.25,2,12.49,15.32,1.4988,12.49,1.5,1.18,44.01,0.0
0.69,735.0,294.0,220.5,3.5,2,0.25,2,12.85,15.52,1.5419999999999998,12.85,1.54,1.13,42.4,0.0
0.69,735.0,294.0,220.5,3.5,3,0.25,2,12.87,15.85,1.5443999999999998,12.87,1.54,1.13,42.31,0.0
0.69,735.0,294.0,220.5,3.5,4,0.25,2,12.73,15.66,1.5276,12.73,1.53,1.15,42.93,0.0
0.69,735.0,294.0,220.5,3.5,5,0.25,2,12.95,15.99,1.5539999999999998,12.95,1.55,1.12,41.95,0.0
0.66,759.5,318.5,220.5,3.5,2,0.25,2,13.05,15.89,1.566,13.05,1.57,1.11,41.5,0.0
0.66,759.5,318.5,220.5,3.5,3,0.25,2,12.93,15.85,1.5515999999999999,12.93,1.55,1.13,42.04,0.0
0.66,759.5,318.5,220.5,3.5,4,0.25,2,12.77,16.22,1.5324,12.77,1.53,1.14,42.75,0.0
0.66,759.5,318.5,220.5,3.5,5,0.25,2,13.0,15.87,1.56,13.0,1.56,1.12,41.72,0.0
0.64,784.0,343.0,220.5,3.5,2,0.25,2,17.14,20.47,2.0568,17.14,2.06,0.62,23.16,0.0
0.64,784.0,343.0,220.5,3.5,3,0.25,2,16.84,20.56,2.0208,16.84,2.02,0.66,24.51,0.0
0.64,784.0,343.0,220.5,3.5,4,0.25,2,17.02,20.48,2.0423999999999998,17.02,2.04,0.63,23.7,0.0
0.64,784.0,343.0,220.5,3.5,5,0.25,2,17.11,20.43,2.0532,17.11,2.05,0.62,23.3,0.0
0.62,808.5,367.5,220.5,3.5,2,0.25,2,14.34,15.32,1.7207999999999999,14.34,1.72,0.96,35.72,0.0
0.62,808.5,367.5,220.5,3.5,3,0.25,2,14.66,15.64,1.7591999999999999,14.66,1.76,0.92,34.28,0.0
0.62,808.5,367.5,220.5,3.5,4,0.25,2,14.6,15.14,1.752,14.6,1.75,0.92,34.55,0.0
0.62,808.5,367.5,220.5,3.5,5,0.25,2,14.6,15.3,1.752,14.6,1.75,0.92,34.55,0.0
0.98,514.5,294.0,110.25,7.0,2,0.25,3,28.67,29.43,3.4404,28.67,3.44,-0.76,-28.52,0.0
0.98,514.5,294.0,110.25,7.0,3,0.25,3,28.56,29.78,3.4271999999999996,28.56,3.43,-0.75,-28.03,0.0
0.98,514.5,294.0,110.25,7.0,4,0.25,3,28.17,30.1,3.3804000000000003,28.17,3.38,-0.7,-26.28,0.0
0.98,514.5,294.0,110.25,7.0,5,0.25,3,28.63,30.19,3.4355999999999995,28.63,3.44,-0.76,-28.34,0.0
0.9,563.5,318.5,122.5,7.0,2,0.25,3,31.63,36.35,3.7956,31.63,3.8,-1.12,-41.79,0.0
0.9,563.5,318.5,122.5,7.0,3,0.25,3,32.4,35.1,3.888,32.4,3.89,-1.21,-45.24,0.0
0.9,563.5,318.5,122.5,7.0,4,0.25,3,32.68,32.83,3.9215999999999998,32.68,3.92,-1.24,-46.5,0.0
0.9,563.5,318.5,122.5,7.0,5,0.25,3,32.29,32.46,3.8747999999999996,32.29,3.87,-1.2,-44.75,0.0
0.86,588.0,294.0,147.0,7.0,2,0.25,3,28.4,33.52,3.408,28.4,3.41,-0.73,-27.31,0.0
0.86,588.0,294.0,147.0,7.0,3,0.25,3,29.4,32.93,3.5279999999999996,29.4,3.53,-0.85,-31.8,0.0
0.86,588.0,294.0,147.0,7.0,4,0.25,3,29.43,28.38,3.5315999999999996,29.43,3.53,-0.85,-31.93,0.0
0.86,588.0,294.0,147.0,7.0,5,0.25,3,29.07,29.82,3.4884,29.07,3.49,-0.81,-30.32,0.0
0.82,612.5,318.5,147.0,7.0,2,0.25,3,24.7,28.77,2.964,24.7,2.96,-0.29,-10.73,0.0
0.82,612.5,318.5,147.0,7.0,3,0.25,3,25.48,27.76,3.0576,25.48,3.06,-0.38,-14.22,0.0
0.82,612.5,318.5,147.0,7.0,4,0.25,3,25.37,26.95,3.0444,25.37,3.04,-0.37,-13.73,0.0
0.82,612.5,318.5,147.0,7.0,5,0.25,3,25.17,26.41,3.0204,25.17,3.02,-0.34,-12.83,0.0
0.79,637.0,343.0,147.0,7.0,2,0.25,3,39.04,45.13,4.6848,39.04,4.68,-2.01,-75.01,0.0
0.79,637.0,343.0,147.0,7.0,3,0.25,3,38.35,43.66,4.602,38.35,4.6,-1.93,-71.92,0.0
0.79,637.0,343.0,147.0,7.0,4,0.25,3,39.81,37.76,4.7772,39.81,4.78,-2.1,-78.46,0.0
0.79,637.0,343.0,147.0,7.0,5,0.25,3,39.83,36.87,4.779599999999999,39.83,4.78,-2.1,-78.55,0.0
0.76,661.5,416.5,122.5,7.0,2,0.25,3,35.99,36.07,4.3188,35.99,4.32,-1.64,-61.34,0.0
0.76,661.5,416.5,122.5,7.0,3,0.25,3,36.59,36.44,4.3908000000000005,36.59,4.39,-1.71,-64.03,0.0
0.76,661.5,416.5,122.5,7.0,4,0.25,3,35.64,37.28,4.2768,35.64,4.28,-1.6,-59.77,0.0
0.76,661.5,416.5,122.5,7.0,5,0.25,3,36.52,37.29,4.3824000000000005,36.52,4.38,-1.71,-63.71,0.0
0.74,686.0,245.0,220.5,3.5,2,0.25,3,11.8,14.49,1.416,11.8,1.42,1.26,47.1,0.0
0.74,686.0,245.0,220.5,3.5,3,0.25,3,12.03,13.79,1.4435999999999998,12.03,1.44,1.23,46.07,0.0
0.74,686.0,245.0,220.5,3.5,4,0.25,3,11.98,14.72,1.4376,11.98,1.44,1.24,46.3,0.0
0.74,686.0,245.0,220.5,3.5,5,0.25,3,11.69,14.76,1.4027999999999998,11.69,1.4,1.27,47.6,0.0
0.71,710.5,269.5,220.5,3.5,2,0.25,3,12.41,14.92,1.4891999999999999,12.41,1.49,1.19,44.37,0.0
0.71,710.5,269.5,220.5,3.5,3,0.25,3,12.28,14.74,1.4735999999999998,12.28,1.47,1.2,44.95,0.0
0.71,710.5,269.5,220.5,3.5,4,0.25,3,12.1,15.57,1.452,12.1,1.45,1.22,45.76,0.0
0.71,710.5,269.5,220.5,3.5,5,0.25,3,12.19,14.94,1.4627999999999999,12.19,1.46,1.21,45.35,0.0
0.69,735.0,294.0,220.5,3.5,2,0.25,3,12.34,14.92,1.4808,12.34,1.48,1.2,44.68,0.0
0.69,735.0,294.0,220.5,3.5,3,0.25,3,12.46,14.38,1.4952,12.46,1.5,1.18,44.14,0.0
0.69,735.0,294.0,220.5,3.5,4,0.25,3,12.31,15.44,1.4772,12.31,1.48,1.2,44.82,0.0
0.69,735.0,294.0,220.5,3.5,5,0.25,3,12.12,15.17,1.4544,12.12,1.45,1.22,45.67,0.0
0.66,759.5,318.5,220.5,3.5,2,0.25,3,12.97,15.53,1.5564,12.97,1.56,1.12,41.86,0.0
0.66,759.5,318.5,220.5,3.5,3,0.25,3,13.01,15.8,1.5612,13.01,1.56,1.12,41.68,0.0
0.66,759.5,318.5,220.5,3.5,4,0.25,3,12.74,16.14,1.5288,12.74,1.53,1.15,42.89,0.0
0.66,759.5,318.5,220.5,3.5,5,0.25,3,12.84,16.26,1.5408,12.84,1.54,1.14,42.44,0.0
0.64,784.0,343.0,220.5,3.5,2,0.25,3,16.83,19.87,2.0195999999999996,16.83,2.02,0.66,24.55,0.0
0.64,784.0,343.0,220.5,3.5,3,0.25,3,16.93,20.03,2.0316,16.93,2.03,0.65,24.11,0.0
0.64,784.0,343.0,220.5,3.5,4,0.25,3,16.66,20.46,1.9991999999999999,16.66,2.0,0.68,25.32,0.0
0.64,784.0,343.0,220.5,3.5,5,0.25,3,16.86,20.28,2.0231999999999997,16.86,2.02,0.65,24.42,0.0
0.62,808.5,367.5,220.5,3.5,2,0.25,3,13.91,14.89,1.6692,13.91,1.67,1.01,37.64,0.0
0.62,808.5,367.5,220.5,3.5,3,0.25,3,14.34,14.96,1.7207999999999999,14.34,1.72,0.96,35.72,0.0
0.62,808.5,367.5,220.5,3.5,4,0.25,3,13.95,14.89,1.674,13.95,1.67,1.0,37.46,0.0
0.62,808.5,367.5,220.5,3.5,5,0.25,3,13.99,14.35,1.6788,13.99,1.68,1.0,37.28,0.0
0.98,514.5,294.0,110.25,7.0,2,0.25,4,28.7,29.61,3.444,28.7,3.44,-0.77,-28.66,0.0
0.98,514.5,294.0,110.25,7.0,3,0.25,4,28.55,29.59,3.426,28.55,3.43,-0.75,-27.99,0.0
0.98,514.5,294.0,110.25,7.0,4,0.25,4,28.15,30.19,3.3779999999999997,28.15,3.38,-0.7,-26.19,0.0
0.98,514.5,294.0,110.25,7.0,5,0.25,4,28.62,30.12,3.4344,28.62,3.43,-0.76,-28.3,0.0
0.9,563.5,318.5,122.5,7.0,2,0.25,4,32.67,32.12,3.9204,32.67,3.92,-1.24,-46.45,0.0
0.9,563.5,318.5,122.5,7.0,3,0.25,4,31.69,37.12,3.8028,31.69,3.8,-1.13,-42.06,0.0
0.9,563.5,318.5,122.5,7.0,4,0.25,4,32.07,36.16,3.8484,32.07,3.85,-1.17,-43.77,0.0
0.9,563.5,318.5,122.5,7.0,5,0.25,4,33.28,33.16,3.9936,33.28,3.99,-1.32,-49.19,0.0
0.86,588.0,294.0,147.0,7.0,2,0.25,4,29.47,29.45,3.5363999999999995,29.47,3.54,-0.86,-32.11,0.0
0.86,588.0,294.0,147.0,7.0,3,0.25,4,28.42,34.19,3.4104,28.42,3.41,-0.73,-27.4,0.0
0.86,588.0,294.0,147.0,7.0,4,0.25,4,29.08,33.93,3.4896,29.08,3.49,-0.81,-30.36,0.0
0.86,588.0,294.0,147.0,7.0,5,0.25,4,29.88,28.31,3.5856,29.88,3.59,-0.91,-33.95,0.0
0.82,612.5,318.5,147.0,7.0,2,0.25,4,25.66,26.3,3.0791999999999997,25.66,3.08,-0.4,-15.03,0.0
0.82,612.5,318.5,147.0,7.0,3,0.25,4,24.96,29.43,2.9952,24.96,3.0,-0.32,-11.89,0.0
0.82,612.5,318.5,147.0,7.0,4,0.25,4,25.43,28.76,3.0515999999999996,25.43,3.05,-0.37,-14.0,0.0
0.82,612.5,318.5,147.0,7.0,5,0.25,4,26.0,27.34,3.12,26.0,3.12,-0.44,-16.55,0.0
0.79,637.0,343.0,147.0,7.0,2,0.25,4,40.0,36.26,4.8,40.0,4.8,-2.12,-79.31,0.0
0.79,637.0,343.0,147.0,7.0,3,0.25,4,38.84,45.48,4.6608,38.84,4.66,-1.98,-74.11,0.0
0.79,637.0,343.0,147.0,7.0,4,0.25,4,38.33,44.16,4.5996,38.33,4.6,-1.92,-71.83,0.0
0.79,637.0,343.0,147.0,7.0,5,0.25,4,40.12,37.26,4.814399999999999,40.12,4.81,-2.14,-79.85,0.0
0.76,661.5,416.5,122.5,7.0,2,0.25,4,36.95,37.2,4.434,36.95,4.43,-1.76,-65.64,0.0
0.76,661.5,416.5,122.5,7.0,3,0.25,4,36.45,36.76,4.3740000000000006,36.45,4.37,-1.7,-63.4,0.0
0.76,661.5,416.5,122.5,7.0,4,0.25,4,36.81,37.05,4.4172,36.81,4.42,-1.74,-65.01,0.0
0.76,661.5,416.5,122.5,7.0,5,0.25,4,36.26,37.51,4.3511999999999995,36.26,4.35,-1.67,-62.55,0.0
0.74,686.0,245.0,220.5,3.5,2,0.25,4,12.32,14.92,1.4784,12.32,1.48,1.2,44.77,0.0
0.74,686.0,245.0,220.5,3.5,3,0.25,4,12.3,15.24,1.476,12.3,1.48,1.2,44.86,0.0
0.74,686.0,245.0,220.5,3.5,4,0.25,4,12.18,15.03,1.4616,12.18,1.46,1.22,45.4,0.0
0.74,686.0,245.0,220.5,3.5,5,0.25,4,12.43,15.35,1.4915999999999998,12.43,1.49,1.19,44.28,0.0
0.71,710.5,269.5,220.5,3.5,2,0.25,4,12.36,14.67,1.4831999999999999,12.36,1.48,1.19,44.59,0.0
0.71,710.5,269.5,220.5,3.5,3,0.25,4,12.49,15.09,1.4988,12.49,1.5,1.18,44.01,0.0
0.71,710.5,269.5,220.5,3.5,4,0.25,4,12.17,15.2,1.4604,12.17,1.46,1.22,45.44,0.0
0.71,710.5,269.5,220.5,3.5,5,0.25,4,12.28,15.64,1.4735999999999998,12.28,1.47,1.2,44.95,0.0
0.69,735.0,294.0,220.5,3.5,2,0.25,4,12.91,15.37,1.5492,12.91,1.55,1.13,42.13,0.0
0.69,735.0,294.0,220.5,3.5,3,0.25,4,12.95,15.73,1.5539999999999998,12.95,1.55,1.12,41.95,0.0
0.69,735.0,294.0,220.5,3.5,4,0.25,4,12.67,15.83,1.5204,12.67,1.52,1.16,43.2,0.0
0.69,735.0,294.0,220.5,3.5,5,0.25,4,12.86,16.13,1.5432,12.86,1.54,1.13,42.35,0.0
0.66,759.5,318.5,220.5,3.5,2,0.25,4,12.95,15.95,1.5539999999999998,12.95,1.55,1.12,41.95,0.0
0.66,759.5,318.5,220.5,3.5,3,0.25,4,13.0,15.59,1.56,13.0,1.56,1.12,41.72,0.0
0.66,759.5,318.5,220.5,3.5,4,0.25,4,12.86,16.17,1.5432,12.86,1.54,1.13,42.35,0.0
0.66,759.5,318.5,220.5,3.5,5,0.25,4,12.92,16.14,1.5504,12.92,1.55,1.13,42.08,0.0
0.64,784.0,343.0,220.5,3.5,2,0.25,4,16.99,19.65,2.0387999999999997,16.99,2.04,0.64,23.84,0.0
0.64,784.0,343.0,220.5,3.5,3,0.25,4,16.69,19.76,2.0028,16.69,2.0,0.67,25.18,0.0
0.64,784.0,343.0,220.5,3.5,4,0.25,4,16.56,20.37,1.9871999999999999,16.56,1.99,0.69,25.76,0.0
0.64,784.0,343.0,220.5,3.5,5,0.25,4,16.62,19.9,1.9944,16.62,1.99,0.68,25.49,0.0
0.62,808.5,367.5,220.5,3.5,2,0.25,4,14.33,15.41,1.7196,14.33,1.72,0.96,35.76,0.0
0.62,808.5,367.5,220.5,3.5,3,0.25,4,14.61,15.56,1.7531999999999999,14.61,1.75,0.92,34.51,0.0
0.62,808.5,367.5,220.5,3.5,4,0.25,4,14.61,15.07,1.7531999999999999,14.61,1.75,0.92,34.51,0.0
0.62,808.5,367.5,220.5,3.5,5,0.25,4,14.65,15.38,1.758,14.65,1.76,0.92,34.33,0.0
0.98,514.5,294.0,110.25,7.0,2,0.25,5,28.69,29.53,3.4428,28.69,3.44,-0.77,-28.61,0.0
0.98,514.5,294.0,110.25,7.0,3,0.25,5,28.58,29.77,3.4295999999999998,28.58,3.43,-0.75,-28.12,0.0
0.98,514.5,294.0,110.25,7.0,4,0.25,5,28.15,30.0,3.3779999999999997,28.15,3.38,-0.7,-26.19,0.0
0.98,514.5,294.0,110.25,7.0,5,0.25,5,28.61,30.2,3.4332,28.61,3.43,-0.76,-28.25,0.0
0.9,563.5,318.5,122.5,7.0,2,0.25,5,33.13,32.25,3.9756,33.13,3.98,-1.3,-48.52,0.0
0.9,563.5,318.5,122.5,7.0,3,0.25,5,32.31,32.0,3.8772,32.31,3.88,-1.2,-44.84,0.0
0.9,563.5,318.5,122.5,7.0,4,0.25,5,31.53,37.19,3.7836,31.53,3.78,-1.11,-41.34,0.0
0.9,563.5,318.5,122.5,7.0,5,0.25,5,32.46,35.62,3.8952,32.46,3.9,-1.22,-45.51,0.0
0.86,588.0,294.0,147.0,7.0,2,0.25,5,29.71,28.02,3.5652,29.71,3.57,-0.89,-33.19,0.0
0.86,588.0,294.0,147.0,7.0,3,0.25,5,29.09,29.43,3.4907999999999997,29.09,3.49,-0.81,-30.41,0.0
0.86,588.0,294.0,147.0,7.0,4,0.25,5,28.31,34.15,3.3971999999999998,28.31,3.4,-0.72,-26.91,0.0
0.86,588.0,294.0,147.0,7.0,5,0.25,5,29.39,33.47,3.5268,29.39,3.53,-0.85,-31.75,0.0
0.82,612.5,318.5,147.0,7.0,2,0.25,5,25.7,26.53,3.0839999999999996,25.7,3.08,-0.41,-15.21,0.0
0.82,612.5,318.5,147.0,7.0,3,0.25,5,25.17,26.08,3.0204,25.17,3.02,-0.34,-12.83,0.0
0.82,612.5,318.5,147.0,7.0,4,0.25,5,24.6,29.31,2.952,24.6,2.95,-0.28,-10.28,0.0
0.82,612.5,318.5,147.0,7.0,5,0.25,5,25.49,28.14,3.0587999999999997,25.49,3.06,-0.38,-14.27,0.0
0.79,637.0,343.0,147.0,7.0,2,0.25,5,39.89,37.54,4.7867999999999995,39.89,4.79,-2.11,-78.82,0.0
0.79,637.0,343.0,147.0,7.0,3,0.25,5,39.83,36.66,4.779599999999999,39.83,4.78,-2.1,-78.55,0.0
0.79,637.0,343.0,147.0,7.0,4,0.25,5,39.01,45.28,4.6812,39.01,4.68,-2.0,-74.88,0.0
0.79,637.0,343.0,147.0,7.0,5,0.25,5,38.65,43.73,4.638,38.65,4.64,-1.96,-73.26,0.0
0.76,661.5,416.5,122.5,7.0,2,0.25,5,35.69,36.93,4.2828,35.69,4.28,-1.61,-59.99,0.0
0.76,661.5,416.5,122.5,7.0,3,0.25,5,36.64,37.01,4.3968,36.64,4.4,-1.72,-64.25,0.0
0.76,661.5,416.5,122.5,7.0,4,0.25,5,36.06,35.73,4.3272,36.06,4.33,-1.65,-61.65,0.0
0.76,661.5,416.5,122.5,7.0,5,0.25,5,36.7,36.15,4.404,36.7,4.4,-1.73,-64.52,0.0
0.74,686.0,245.0,220.5,3.5,2,0.25,5,12.12,14.48,1.4544,12.12,1.45,1.22,45.67,0.0
0.74,686.0,245.0,220.5,3.5,3,0.25,5,11.67,14.58,1.4003999999999999,11.67,1.4,1.28,47.69,0.0
0.74,686.0,245.0,220.5,3.5,4,0.25,5,11.64,14.81,1.3968,11.64,1.4,1.28,47.82,0.0
0.74,686.0,245.0,220.5,3.5,5,0.25,5,12.02,14.03,1.4424,12.02,1.44,1.23,46.12,0.0
0.71,710.5,269.5,220.5,3.5,2,0.25,5,12.27,15.27,1.4724,12.27,1.47,1.2,45.0,0.0
0.71,710.5,269.5,220.5,3.5,3,0.25,5,12.19,14.71,1.4627999999999999,12.19,1.46,1.21,45.35,0.0
0.71,710.5,269.5,220.5,3.5,4,0.25,5,12.25,15.23,1.47,12.25,1.47,1.21,45.08,0.0
0.71,710.5,269.5,220.5,3.5,5,0.25,5,12.27,14.97,1.4724,12.27,1.47,1.2,45.0,0.0
0.69,735.0,294.0,220.5,3.5,2,0.25,5,12.47,15.14,1.4964,12.47,1.5,1.18,44.1,0.0
0.69,735.0,294.0,220.5,3.5,3,0.25,5,12.12,14.97,1.4544,12.12,1.45,1.22,45.67,0.0
0.69,735.0,294.0,220.5,3.5,4,0.25,5,12.18,15.22,1.4616,12.18,1.46,1.22,45.4,0.0
0.69,735.0,294.0,220.5,3.5,5,0.25,5,12.47,14.6,1.4964,12.47,1.5,1.18,44.1,0.0
0.66,759.5,318.5,220.5,3.5,2,0.25,5,12.93,15.83,1.5515999999999999,12.93,1.55,1.13,42.04,0.0
0.66,759.5,318.5,220.5,3.5,3,0.25,5,12.82,16.03,1.5384,12.82,1.54,1.14,42.53,0.0
0.66,759.5,318.5,220.5,3.5,4,0.25,5,12.78,15.8,1.5335999999999999,12.78,1.53,1.14,42.71,0.0
0.66,759.5,318.5,220.5,3.5,5,0.25,5,13.02,16.06,1.5623999999999998,13.02,1.56,1.11,41.63,0.0
0.64,784.0,343.0,220.5,3.5,2,0.25,5,16.73,20.13,2.0076,16.73,2.01,0.67,25.0,0.0
0.64,784.0,343.0,220.5,3.5,3,0.25,5,16.86,20.01,2.0231999999999997,16.86,2.02,0.65,24.42,0.0
0.64,784.0,343.0,220.5,3.5,4,0.25,5,16.76,20.19,2.0112,16.76,2.01,0.67,24.87,0.0
0.64,784.0,343.0,220.5,3.5,5,0.25,5,16.92,20.29,2.0304,16.92,2.03,0.65,24.15,0.0
0.62,808.5,367.5,220.5,3.5,2,0.25,5,13.68,15.19,1.6416,13.68,1.64,1.04,38.67,0.0
0.62,808.5,367.5,220.5,3.5,3,0.25,5,13.99,14.61,1.6788,13.99,1.68,1.0,37.28,0.0
0.62,808.5,367.5,220.5,3.5,4,0.25,5,14.16,14.61,1.6992,14.16,1.7,0.98,36.52,0.0
0.62,808.5,367.5,220.5,3.5,5,0.25,5,13.86,14.75,1.6631999999999998,13.86,1.66,1.01,37.87,0.0
0.98,514.5,294.0,110.25,7.0,2,0.4,1,32.26,33.37,3.8711999999999995,32.26,3.87,-1.19,-44.62,0.0
0.98,514.5,294.0,110.25,7.0,3,0.4,1,32.26,33.34,3.8711999999999995,32.26,3.87,-1.19,-44.62,0.0
0.98,514.5,294.0,110.25,7.0,4,0.4,1,32.49,32.83,3.8988,32.49,3.9,-1.22,-45.65,0.0
0.98,514.5,294.0,110.25,7.0,5,0.4,1,32.53,33.04,3.9036,32.53,3.9,-1.23,-45.83,0.0
0.9,563.5,318.5,122.5,7.0,2,0.4,1,36.47,39.28,4.376399999999999,36.47,4.38,-1.7,-63.49,0.0
0.9,563.5,318.5,122.5,7.0,3,0.4,1,37.24,36.38,4.4688,37.24,4.47,-1.79,-66.94,0.0
0.9,563.5,318.5,122.5,7.0,4,0.4,1,36.66,35.92,4.3991999999999996,36.66,4.4,-1.72,-64.34,0.0
0.9,563.5,318.5,122.5,7.0,5,0.4,1,35.96,40.99,4.3152,35.96,4.32,-1.64,-61.2,0.0
0.86,588.0,294.0,147.0,7.0,2,0.4,1,31.89,35.99,3.8268,31.89,3.83,-1.15,-42.96,0.0
0.86,588.0,294.0,147.0,7.0,3,0.4,1,32.39,30.66,3.8868,32.39,3.89,-1.21,-45.2,0.0
0.86,588.0,294.0,147.0,7.0,4,0.4,1,32.09,31.7,3.8508000000000004,32.09,3.85,-1.17,-43.85,0.0
0.86,588.0,294.0,147.0,7.0,5,0.4,1,31.29,36.73,3.7548,31.29,3.75,-1.08,-40.27,0.0
0.82,612.5,318.5,147.0,7.0,2,0.4,1,29.22,31.71,3.5063999999999997,29.22,3.51,-0.83,-30.99,0.0
0.82,612.5,318.5,147.0,7.0,3,0.4,1,29.91,29.13,3.5892,29.91,3.59,-0.91,-34.08,0.0
0.82,612.5,318.5,147.0,7.0,4,0.4,1,29.53,28.99,3.5436,29.53,3.54,-0.87,-32.38,0.0
0.82,612.5,318.5,147.0,7.0,5,0.4,1,28.65,33.54,3.4379999999999997,28.65,3.44,-0.76,-28.43,0.0
0.79,637.0,343.0,147.0,7.0,2,0.4,1,41.4,45.29,4.968,41.4,4.97,-2.29,-85.59,0.0
0.79,637.0,343.0,147.0,7.0,3,0.4,1,42.62,39.07,5.1144,42.62,5.11,-2.44,-91.06,0.0
0.79,637.0,343.0,147.0,7.0,4,0.4,1,42.5,38.35,5.1,42.5,5.1,-2.42,-90.52,0.0
0.79,637.0,343.0,147.0,7.0,5,0.4,1,41.67,46.94,5.0004,41.67,5.0,-2.32,-86.8,0.0
0.76,661.5,416.5,122.5,7.0,2,0.4,1,40.78,39.55,4.8936,40.78,4.89,-2.22,-82.81,0.0
0.76,661.5,416.5,122.5,7.0,3,0.4,1,39.97,40.85,4.796399999999999,39.97,4.8,-2.12,-79.18,0.0
0.76,661.5,416.5,122.5,7.0,4,0.4,1,40.71,40.63,4.8852,40.71,4.89,-2.21,-82.5,0.0
0.76,661.5,416.5,122.5,7.0,5,0.4,1,40.43,39.48,4.8515999999999995,40.43,4.85,-2.17,-81.24,0.0
0.74,686.0,245.0,220.5,3.5,2,0.4,1,14.52,16.94,1.7424,14.52,1.74,0.93,34.91,0.0
0.74,686.0,245.0,220.5,3.5,3,0.4,1,14.61,17.25,1.7531999999999999,14.61,1.75,0.92,34.51,0.0
0.74,686.0,245.0,220.5,3.5,4,0.4,1,14.5,17.03,1.74,14.5,1.74,0.94,35.0,0.0
0.74,686.0,245.0,220.5,3.5,5,0.4,1,14.55,17.25,1.746,14.55,1.75,0.93,34.77,0.0
0.71,710.5,269.5,220.5,3.5,2,0.4,1,14.51,17.1,1.7411999999999999,14.51,1.74,0.94,34.95,0.0
0.71,710.5,269.5,220.5,3.5,3,0.4,1,14.6,17.51,1.752,14.6,1.75,0.92,34.55,0.0
0.71,710.5,269.5,220.5,3.5,4,0.4,1,14.5,17.12,1.74,14.5,1.74,0.94,35.0,0.0
0.71,710.5,269.5,220.5,3.5,5,0.4,1,14.58,17.47,1.7496,14.58,1.75,0.93,34.64,0.0
0.69,735.0,294.0,220.5,3.5,2,0.4,1,14.51,16.5,1.7411999999999999,14.51,1.74,0.94,34.95,0.0
0.69,735.0,294.0,220.5,3.5,3,0.4,1,14.7,17.0,1.7639999999999998,14.7,1.76,0.91,34.1,0.0
0.69,735.0,294.0,220.5,3.5,4,0.4,1,14.42,16.87,1.7304,14.42,1.73,0.95,35.36,0.0
0.69,735.0,294.0,220.5,3.5,5,0.4,1,14.42,17.2,1.7304,14.42,1.73,0.95,35.36,0.0
0.66,759.5,318.5,220.5,3.5,2,0.4,1,15.23,18.14,1.8276,15.23,1.83,0.85,31.73,0.0
0.66,759.5,318.5,220.5,3.5,3,0.4,1,15.23,18.03,1.8276,15.23,1.83,0.85,31.73,0.0
0.66,759.5,318.5,220.5,3.5,4,0.4,1,15.23,18.14,1.8276,15.23,1.83,0.85,31.73,0.0
0.66,759.5,318.5,220.5,3.5,5,0.4,1,15.23,17.95,1.8276,15.23,1.83,0.85,31.73,0.0
0.64,784.0,343.0,220.5,3.5,2,0.4,1,19.52,22.72,2.3424,19.52,2.34,0.33,12.49,0.0
0.64,784.0,343.0,220.5,3.5,3,0.4,1,19.36,22.73,2.3232,19.36,2.32,0.35,13.21,0.0
0.64,784.0,343.0,220.5,3.5,4,0.4,1,19.48,22.72,2.3376,19.48,2.34,0.34,12.67,0.0
0.64,784.0,343.0,220.5,3.5,5,0.4,1,19.42,22.53,2.3304,19.42,2.33,0.35,12.94,0.0
0.62,808.5,367.5,220.5,3.5,2,0.4,1,15.09,17.2,1.8108,15.09,1.81,0.87,32.35,0.0
0.62,808.5,367.5,220.5,3.5,3,0.4,1,17.17,17.21,2.0604,17.17,2.06,0.62,23.03,0.0
0.62,808.5,367.5,220.5,3.5,4,0.4,1,17.14,17.15,2.0568,17.14,2.06,0.62,23.16,0.0
0.62,808.5,367.5,220.5,3.5,5,0.4,1,17.14,17.2,2.0568,17.14,2.06,0.62,23.16,0.0
0.98,514.5,294.0,110.25,7.0,2,0.4,2,32.82,32.96,3.9383999999999997,32.82,3.94,-1.26,-47.13,0.0
0.98,514.5,294.0,110.25,7.0,3,0.4,2,32.71,33.13,3.9252,32.71,3.93,-1.25,-46.63,0.0
0.98,514.5,294.0,110.25,7.0,4,0.4,2,32.24,33.94,3.8688000000000002,32.24,3.87,-1.19,-44.53,0.0
0.98,514.5,294.0,110.25,7.0,5,0.4,2,32.72,33.78,3.9263999999999997,32.72,3.93,-1.25,-46.68,0.0
0.9,563.5,318.5,122.5,7.0,2,0.4,2,35.84,38.35,4.300800000000001,35.84,4.3,-1.62,-60.67,0.0
0.9,563.5,318.5,122.5,7.0,3,0.4,2,36.57,35.39,4.3884,36.57,4.39,-1.71,-63.94,0.0
0.9,563.5,318.5,122.5,7.0,4,0.4,2,36.06,34.94,4.3272,36.06,4.33,-1.65,-61.65,0.0
0.9,563.5,318.5,122.5,7.0,5,0.4,2,35.69,40.66,4.2828,35.69,4.28,-1.61,-59.99,0.0
0.86,588.0,294.0,147.0,7.0,2,0.4,2,32.48,35.48,3.8975999999999993,32.48,3.9,-1.22,-45.6,0.0
0.86,588.0,294.0,147.0,7.0,3,0.4,2,32.74,30.53,3.9288000000000003,32.74,3.93,-1.25,-46.77,0.0
0.86,588.0,294.0,147.0,7.0,4,0.4,2,32.13,32.28,3.8556000000000004,32.13,3.86,-1.18,-44.03,0.0
0.86,588.0,294.0,147.0,7.0,5,0.4,2,31.64,36.86,3.7967999999999997,31.64,3.8,-1.12,-41.84,0.0
0.82,612.5,318.5,147.0,7.0,2,0.4,2,28.95,30.34,3.4739999999999998,28.95,3.47,-0.8,-29.78,0.0
0.82,612.5,318.5,147.0,7.0,3,0.4,2,29.49,27.93,3.5387999999999997,29.49,3.54,-0.86,-32.2,0.0
0.82,612.5,318.5,147.0,7.0,4,0.4,2,28.64,28.95,3.4368,28.64,3.44,-0.76,-28.39,0.0
0.82,612.5,318.5,147.0,7.0,5,0.4,2,28.01,32.92,3.3612,28.01,3.36,-0.68,-25.56,0.0
0.79,637.0,343.0,147.0,7.0,2,0.4,2,41.64,45.59,4.9967999999999995,41.64,5.0,-2.32,-86.67,0.0
0.79,637.0,343.0,147.0,7.0,3,0.4,2,43.1,39.41,5.172,43.1,5.17,-2.5,-93.21,0.0
0.79,637.0,343.0,147.0,7.0,4,0.4,2,42.74,38.84,5.1288,42.74,5.13,-2.45,-91.6,0.0
0.79,637.0,343.0,147.0,7.0,5,0.4,2,41.92,48.03,5.0304,41.92,5.03,-2.35,-87.92,0.0
0.76,661.5,416.5,122.5,7.0,2,0.4,2,40.78,39.48,4.8936,40.78,4.89,-2.22,-82.81,0.0
0.76,661.5,416.5,122.5,7.0,3,0.4,2,40.15,40.4,4.818,40.15,4.82,-2.14,-79.99,0.0
0.76,661.5,416.5,122.5,7.0,4,0.4,2,40.57,40.47,4.8684,40.57,4.87,-2.19,-81.87,0.0
0.76,661.5,416.5,122.5,7.0,5,0.4,2,40.42,39.7,4.8504,40.42,4.85,-2.17,-81.2,0.0
0.74,686.0,245.0,220.5,3.5,2,0.4,2,14.54,16.43,1.7448,14.54,1.74,0.93,34.82,0.0
0.74,686.0,245.0,220.5,3.5,3,0.4,2,14.45,16.93,1.7339999999999998,14.45,1.73,0.94,35.22,0.0
0.74,686.0,245.0,220.5,3.5,4,0.4,2,14.18,16.99,1.7016,14.18,1.7,0.98,36.43,0.0
0.74,686.0,245.0,220.5,3.5,5,0.4,2,14.5,17.03,1.74,14.5,1.74,0.94,35.0,0.0
0.71,710.5,269.5,220.5,3.5,2,0.4,2,14.7,16.77,1.7639999999999998,14.7,1.76,0.91,34.1,0.0
0.71,710.5,269.5,220.5,3.5,3,0.4,2,14.66,17.37,1.7591999999999999,14.66,1.76,0.92,34.28,0.0
0.71,710.5,269.5,220.5,3.5,4,0.4,2,14.4,17.27,1.728,14.4,1.73,0.95,35.45,0.0
0.71,710.5,269.5,220.5,3.5,5,0.4,2,14.71,17.51,1.7652,14.71,1.77,0.91,34.06,0.0
0.69,735.0,294.0,220.5,3.5,2,0.4,2,14.75,16.44,1.77,14.75,1.77,0.91,33.88,0.0
0.69,735.0,294.0,220.5,3.5,3,0.4,2,14.71,17.01,1.7652,14.71,1.77,0.91,34.06,0.0
0.69,735.0,294.0,220.5,3.5,4,0.4,2,14.33,17.23,1.7196,14.33,1.72,0.96,35.76,0.0
0.69,735.0,294.0,220.5,3.5,5,0.4,2,14.62,17.22,1.7543999999999997,14.62,1.75,0.92,34.46,0.0
0.66,759.5,318.5,220.5,3.5,2,0.4,2,15.34,17.85,1.8408,15.34,1.84,0.84,31.23,0.0
0.66,759.5,318.5,220.5,3.5,3,0.4,2,15.29,17.89,1.8347999999999998,15.29,1.83,0.84,31.46,0.0
0.66,759.5,318.5,220.5,3.5,4,0.4,2,15.09,18.36,1.8108,15.09,1.81,0.87,32.35,0.0
0.66,759.5,318.5,220.5,3.5,5,0.4,2,15.3,18.15,1.836,15.3,1.84,0.84,31.41,0.0
0.64,784.0,343.0,220.5,3.5,2,0.4,2,19.2,21.72,2.304,19.2,2.3,0.37,13.93,0.0
0.64,784.0,343.0,220.5,3.5,3,0.4,2,18.88,22.07,2.2655999999999996,18.88,2.27,0.41,15.36,0.0
0.64,784.0,343.0,220.5,3.5,4,0.4,2,18.9,22.09,2.268,18.9,2.27,0.41,15.27,0.0
0.64,784.0,343.0,220.5,3.5,5,0.4,2,19.12,21.93,2.2944,19.12,2.29,0.38,14.29,0.0
0.62,808.5,367.5,220.5,3.5,2,0.4,2,16.76,17.36,2.0112,16.76,2.01,0.67,24.87,0.0
0.62,808.5,367.5,220.5,3.5,3,0.4,2,17.23,17.38,2.0676,17.23,2.07,0.61,22.76,0.0
0.62,808.5,367.5,220.5,3.5,4,0.4,2,17.26,16.86,2.0712,17.26,2.07,0.61,22.63,0.0
0.62,808.5,367.5,220.5,3.5,5,0.4,2,17.15,16.99,2.058,17.15,2.06,0.62,23.12,0.0
0.98,514.5,294.0,110.25,7.0,2,0.4,3,32.82,32.78,3.9383999999999997,32.82,3.94,-1.26,-47.13,0.0
0.98,514.5,294.0,110.25,7.0,3,0.4,3,32.69,33.24,3.9227999999999996,32.69,3.92,-1.25,-46.54,0.0
0.98,514.5,294.0,110.25,7.0,4,0.4,3,32.23,33.86,3.8675999999999995,32.23,3.87,-1.19,-44.48,0.0
0.98,514.5,294.0,110.25,7.0,5,0.4,3,32.75,34.0,3.9299999999999997,32.75,3.93,-1.25,-46.81,0.0
0.9,563.5,318.5,122.5,7.0,2,0.4,3,34.24,37.26,4.1088000000000005,34.24,4.11,-1.43,-53.49,0.0
0.9,563.5,318.5,122.5,7.0,3,0.4,3,34.95,35.04,4.194,34.95,4.19,-1.52,-56.68,0.0
0.9,563.5,318.5,122.5,7.0,4,0.4,3,35.05,33.82,4.2059999999999995,35.05,4.21,-1.53,-57.12,0.0
0.9,563.5,318.5,122.5,7.0,5,0.4,3,34.29,33.31,4.1148,34.29,4.11,-1.44,-53.72,0.0
0.86,588.0,294.0,147.0,7.0,2,0.4,3,31.28,35.22,3.7536,31.28,3.75,-1.08,-40.22,0.0
0.86,588.0,294.0,147.0,7.0,3,0.4,3,32.12,34.7,3.8543999999999996,32.12,3.85,-1.18,-43.99,0.0
0.86,588.0,294.0,147.0,7.0,4,0.4,3,32.05,30.11,3.8459999999999996,32.05,3.85,-1.17,-43.68,0.0
0.86,588.0,294.0,147.0,7.0,5,0.4,3,31.84,31.6,3.8207999999999998,31.84,3.82,-1.14,-42.73,0.0
0.82,612.5,318.5,147.0,7.0,2,0.4,3,28.67,32.43,3.4404,28.67,3.44,-0.76,-28.52,0.0
0.82,612.5,318.5,147.0,7.0,3,0.4,3,29.67,30.65,3.5604,29.67,3.56,-0.88,-33.01,0.0
0.82,612.5,318.5,147.0,7.0,4,0.4,3,29.47,29.77,3.5363999999999995,29.47,3.54,-0.86,-32.11,0.0
0.82,612.5,318.5,147.0,7.0,5,0.4,3,28.91,29.64,3.4692,28.91,3.47,-0.79,-29.6,0.0
0.79,637.0,343.0,147.0,7.0,2,0.4,3,41.26,46.44,4.951199999999999,41.26,4.95,-2.27,-84.96,0.0
0.79,637.0,343.0,147.0,7.0,3,0.4,3,41.3,44.18,4.9559999999999995,41.3,4.96,-2.28,-85.14,0.0
0.79,637.0,343.0,147.0,7.0,4,0.4,3,42.49,38.81,5.0988,42.49,5.1,-2.42,-90.48,0.0
0.79,637.0,343.0,147.0,7.0,5,0.4,3,42.08,38.23,5.0496,42.08,5.05,-2.37,-88.64,0.0
0.76,661.5,416.5,122.5,7.0,2,0.4,3,39.32,38.17,4.7184,39.32,4.72,-2.04,-76.27,0.0
0.76,661.5,416.5,122.5,7.0,3,0.4,3,39.84,38.48,4.7808,39.84,4.78,-2.1,-78.6,0.0
0.76,661.5,416.5,122.5,7.0,4,0.4,3,38.89,39.66,4.6668,38.89,4.67,-1.99,-74.34,0.0
0.76,661.5,416.5,122.5,7.0,5,0.4,3,39.68,40.1,4.7616,39.68,4.76,-2.08,-77.88,0.0
0.74,686.0,245.0,220.5,3.5,2,0.4,3,13.97,16.08,1.6764000000000001,13.97,1.68,1.0,37.37,0.0
0.74,686.0,245.0,220.5,3.5,3,0.4,3,14.22,15.39,1.7064,14.22,1.71,0.97,36.25,0.0
0.74,686.0,245.0,220.5,3.5,4,0.4,3,14.1,16.57,1.692,14.1,1.69,0.98,36.79,0.0
0.74,686.0,245.0,220.5,3.5,5,0.4,3,13.78,16.6,1.6536,13.78,1.65,1.02,38.23,0.0
0.71,710.5,269.5,220.5,3.5,2,0.4,3,14.07,16.11,1.6884,14.07,1.69,0.99,36.93,0.0
0.71,710.5,269.5,220.5,3.5,3,0.4,3,14.03,15.47,1.6835999999999998,14.03,1.68,0.99,37.11,0.0
0.71,710.5,269.5,220.5,3.5,4,0.4,3,13.94,16.7,1.6727999999999998,13.94,1.67,1.0,37.51,0.0
0.71,710.5,269.5,220.5,3.5,5,0.4,3,13.86,16.1,1.6631999999999998,13.86,1.66,1.01,37.87,0.0
0.69,735.0,294.0,220.5,3.5,2,0.4,3,14.32,16.35,1.7184,14.32,1.72,0.96,35.81,0.0
0.69,735.0,294.0,220.5,3.5,3,0.4,3,14.56,15.84,1.7472,14.56,1.75,0.93,34.73,0.0
0.69,735.0,294.0,220.5,3.5,4,0.4,3,14.33,16.99,1.7196,14.33,1.72,0.96,35.76,0.0
0.69,735.0,294.0,220.5,3.5,5,0.4,3,14.08,17.02,1.6896,14.08,1.69,0.99,36.88,0.0
0.66,759.5,318.5,220.5,3.5,2,0.4,3,15.16,17.04,1.8192,15.16,1.82,0.86,32.04,0.0
0.66,759.5,318.5,220.5,3.5,3,0.4,3,15.18,17.63,1.8215999999999999,15.18,1.82,0.86,31.95,0.0
0.66,759.5,318.5,220.5,3.5,4,0.4,3,14.72,18.1,1.7664,14.72,1.77,0.91,34.01,0.0
0.66,759.5,318.5,220.5,3.5,5,0.4,3,14.9,18.22,1.788,14.9,1.79,0.89,33.21,0.0
0.64,784.0,343.0,220.5,3.5,2,0.4,3,18.48,20.78,2.2176,18.48,2.22,0.46,17.16,0.0
0.64,784.0,343.0,220.5,3.5,3,0.4,3,18.71,20.72,2.2452,18.71,2.25,0.43,16.13,0.0
0.64,784.0,343.0,220.5,3.5,4,0.4,3,18.48,21.54,2.2176,18.48,2.22,0.46,17.16,0.0
0.64,784.0,343.0,220.5,3.5,5,0.4,3,18.46,21.53,2.2152,18.46,2.22,0.46,17.25,0.0
0.62,808.5,367.5,220.5,3.5,2,0.4,3,16.47,16.9,1.9763999999999997,16.47,1.98,0.7,26.17,0.0
0.62,808.5,367.5,220.5,3.5,3,0.4,3,16.35,17.14,1.9620000000000002,16.35,1.96,0.71,26.71,0.0
0.62,808.5,367.5,220.5,3.5,4,0.4,3,16.55,16.56,1.986,16.55,1.99,0.69,25.81,0.0
0.62,808.5,367.5,220.5,3.5,5,0.4,3,16.74,16.0,2.0088,16.74,2.01,0.67,24.96,0.0
0.98,514.5,294.0,110.25,7.0,2,0.4,4,32.85,32.95,3.942,32.85,3.94,-1.27,-47.26,0.0
0.98,514.5,294.0,110.25,7.0,3,0.4,4,32.67,33.06,3.9204,32.67,3.92,-1.24,-46.45,0.0
0.98,514.5,294.0,110.25,7.0,4,0.4,4,32.21,33.95,3.8651999999999997,32.21,3.87,-1.19,-44.39,0.0
0.98,514.5,294.0,110.25,7.0,5,0.4,4,32.74,33.88,3.9288000000000003,32.74,3.93,-1.25,-46.77,0.0
0.9,563.5,318.5,122.5,7.0,2,0.4,4,36.45,33.98,4.3740000000000006,36.45,4.37,-1.7,-63.4,0.0
0.9,563.5,318.5,122.5,7.0,3,0.4,4,35.73,39.92,4.287599999999999,35.73,4.29,-1.61,-60.17,0.0
0.9,563.5,318.5,122.5,7.0,4,0.4,4,35.4,39.22,4.247999999999999,35.4,4.25,-1.57,-58.69,0.0
0.9,563.5,318.5,122.5,7.0,5,0.4,4,36.57,36.1,4.3884,36.57,4.39,-1.71,-63.94,0.0
0.86,588.0,294.0,147.0,7.0,2,0.4,4,32.38,31.53,3.8856,32.38,3.89,-1.21,-45.15,0.0
0.86,588.0,294.0,147.0,7.0,3,0.4,4,31.66,36.2,3.7992,31.66,3.8,-1.12,-41.93,0.0
0.86,588.0,294.0,147.0,7.0,4,0.4,4,32.15,36.21,3.8579999999999997,32.15,3.86,-1.18,-44.12,0.0
0.86,588.0,294.0,147.0,7.0,5,0.4,4,32.75,31.0,3.9299999999999997,32.75,3.93,-1.25,-46.81,0.0
0.82,612.5,318.5,147.0,7.0,2,0.4,4,28.93,28.2,3.4716,28.93,3.47,-0.79,-29.69,0.0
0.82,612.5,318.5,147.0,7.0,3,0.4,4,28.05,32.35,3.366,28.05,3.37,-0.69,-25.74,0.0
0.82,612.5,318.5,147.0,7.0,4,0.4,4,28.64,31.14,3.4368,28.64,3.44,-0.76,-28.39,0.0
0.82,612.5,318.5,147.0,7.0,5,0.4,4,29.52,28.43,3.5423999999999998,29.52,3.54,-0.87,-32.33,0.0
0.79,637.0,343.0,147.0,7.0,2,0.4,4,42.77,38.33,5.1324000000000005,42.77,5.13,-2.46,-91.73,0.0
0.79,637.0,343.0,147.0,7.0,3,0.4,4,41.73,47.59,5.007599999999999,41.73,5.01,-2.33,-87.07,0.0
0.79,637.0,343.0,147.0,7.0,4,0.4,4,41.32,46.23,4.9584,41.32,4.96,-2.28,-85.23,0.0
0.79,637.0,343.0,147.0,7.0,5,0.4,4,42.96,39.56,5.1552,42.96,5.16,-2.48,-92.58,0.0
0.76,661.5,416.5,122.5,7.0,2,0.4,4,40.68,40.36,4.8816,40.68,4.88,-2.2,-82.36,0.0
0.76,661.5,416.5,122.5,7.0,3,0.4,4,40.4,39.67,4.848,40.4,4.85,-2.17,-81.11,0.0
0.76,661.5,416.5,122.5,7.0,4,0.4,4,40.6,39.85,4.872,40.6,4.87,-2.2,-82.0,0.0
0.76,661.5,416.5,122.5,7.0,5,0.4,4,40.11,40.77,4.8132,40.11,4.81,-2.14,-79.81,0.0
0.74,686.0,245.0,220.5,3.5,2,0.4,4,14.37,16.61,1.7244,14.37,1.72,0.95,35.58,0.0
0.74,686.0,245.0,220.5,3.5,3,0.4,4,14.48,16.74,1.7376,14.48,1.74,0.94,35.09,0.0
0.74,686.0,245.0,220.5,3.5,4,0.4,4,14.32,16.9,1.7184,14.32,1.72,0.96,35.81,0.0
0.74,686.0,245.0,220.5,3.5,5,0.4,4,14.44,17.32,1.7328,14.44,1.73,0.94,35.27,0.0
0.71,710.5,269.5,220.5,3.5,2,0.4,4,14.6,16.85,1.752,14.6,1.75,0.92,34.55,0.0
0.71,710.5,269.5,220.5,3.5,3,0.4,4,14.7,17.2,1.7639999999999998,14.7,1.76,0.91,34.1,0.0
0.71,710.5,269.5,220.5,3.5,4,0.4,4,14.47,17.23,1.7364,14.47,1.74,0.94,35.13,0.0
0.71,710.5,269.5,220.5,3.5,5,0.4,4,14.66,17.74,1.7591999999999999,14.66,1.76,0.92,34.28,0.0
0.69,735.0,294.0,220.5,3.5,2,0.4,4,14.54,16.81,1.7448,14.54,1.74,0.93,34.82,0.0
0.69,735.0,294.0,220.5,3.5,3,0.4,4,14.62,16.88,1.7543999999999997,14.62,1.75,0.92,34.46,0.0
0.69,735.0,294.0,220.5,3.5,4,0.4,4,14.53,16.9,1.7435999999999998,14.53,1.74,0.93,34.86,0.0
0.69,735.0,294.0,220.5,3.5,5,0.4,4,14.71,17.39,1.7652,14.71,1.77,0.91,34.06,0.0
0.66,759.5,318.5,220.5,3.5,2,0.4,4,15.34,17.86,1.8408,15.34,1.84,0.84,31.23,0.0
0.66,759.5,318.5,220.5,3.5,3,0.4,4,15.29,17.82,1.8347999999999998,15.29,1.83,0.84,31.46,0.0
0.66,759.5,318.5,220.5,3.5,4,0.4,4,15.09,18.36,1.8108,15.09,1.81,0.87,32.35,0.0
0.66,759.5,318.5,220.5,3.5,5,0.4,4,15.3,18.24,1.836,15.3,1.84,0.84,31.41,0.0
0.64,784.0,343.0,220.5,3.5,2,0.4,4,19.06,21.68,2.2872,19.06,2.29,0.39,14.56,0.0
0.64,784.0,343.0,220.5,3.5,3,0.4,4,19.13,21.54,2.2956,19.13,2.3,0.38,14.24,0.0
0.64,784.0,343.0,220.5,3.5,4,0.4,4,19.0,22.25,2.28,19.0,2.28,0.4,14.83,0.0
0.64,784.0,343.0,220.5,3.5,5,0.4,4,18.84,22.49,2.2607999999999997,18.84,2.26,0.42,15.54,0.0
0.62,808.5,367.5,220.5,3.5,2,0.4,4,16.44,17.1,1.9728,16.44,1.97,0.7,26.3,0.0
0.62,808.5,367.5,220.5,3.5,3,0.4,4,16.9,16.79,2.0279999999999996,16.9,2.03,0.65,24.24,0.0
0.62,808.5,367.5,220.5,3.5,4,0.4,4,16.94,16.58,2.0328,16.94,2.03,0.64,24.06,0.0
0.62,808.5,367.5,220.5,3.5,5,0.4,4,16.77,16.79,2.0124,16.77,2.01,0.66,24.82,0.0
0.98,514.5,294.0,110.25,7.0,2,0.4,5,32.84,32.88,3.9408000000000003,32.84,3.94,-1.26,-47.22,0.0
0.98,514.5,294.0,110.25,7.0,3,0.4,5,32.72,33.23,3.9263999999999997,32.72,3.93,-1.25,-46.68,0.0
0.98,514.5,294.0,110.25,7.0,4,0.4,5,32.21,33.76,3.8651999999999997,32.21,3.87,-1.19,-44.39,0.0
0.98,514.5,294.0,110.25,7.0,5,0.4,5,32.73,34.01,3.9275999999999995,32.73,3.93,-1.25,-46.72,0.0
0.9,563.5,318.5,122.5,7.0,2,0.4,5,35.67,33.94,4.2804,35.67,4.28,-1.6,-59.9,0.0
0.9,563.5,318.5,122.5,7.0,3,0.4,5,35.01,33.14,4.2012,35.01,4.2,-1.52,-56.94,0.0
0.9,563.5,318.5,122.5,7.0,4,0.4,5,34.72,38.79,4.166399999999999,34.72,4.17,-1.49,-55.64,0.0
0.9,563.5,318.5,122.5,7.0,5,0.4,5,35.24,37.27,4.2288,35.24,4.23,-1.55,-57.98,0.0
0.86,588.0,294.0,147.0,7.0,2,0.4,5,32.31,29.69,3.8772,32.31,3.88,-1.2,-44.84,0.0
0.86,588.0,294.0,147.0,7.0,3,0.4,5,31.81,31.2,3.8171999999999997,31.81,3.82,-1.14,-42.6,0.0
0.86,588.0,294.0,147.0,7.0,4,0.4,5,31.12,36.26,3.7344,31.12,3.73,-1.06,-39.51,0.0
0.86,588.0,294.0,147.0,7.0,5,0.4,5,32.06,35.71,3.8472,32.06,3.85,-1.17,-43.72,0.0
0.82,612.5,318.5,147.0,7.0,2,0.4,5,30.0,29.93,3.5999999999999996,30.0,3.6,-0.92,-34.49,0.0
0.82,612.5,318.5,147.0,7.0,3,0.4,5,29.5,29.56,3.54,29.5,3.54,-0.86,-32.24,0.0
0.82,612.5,318.5,147.0,7.0,4,0.4,5,29.06,33.84,3.4871999999999996,29.06,3.49,-0.81,-30.27,0.0
0.82,612.5,318.5,147.0,7.0,5,0.4,5,29.92,32.54,3.5904000000000003,29.92,3.59,-0.91,-34.13,0.0
0.79,637.0,343.0,147.0,7.0,2,0.4,5,42.11,38.56,5.0531999999999995,42.11,5.05,-2.38,-88.77,0.0
0.79,637.0,343.0,147.0,7.0,3,0.4,5,41.96,37.7,5.0352,41.96,5.04,-2.36,-88.1,0.0
0.79,637.0,343.0,147.0,7.0,4,0.4,5,41.09,47.01,4.9308000000000005,41.09,4.93,-2.25,-84.2,0.0
0.79,637.0,343.0,147.0,7.0,5,0.4,5,40.79,44.87,4.8948,40.79,4.89,-2.22,-82.86,0.0
0.76,661.5,416.5,122.5,7.0,2,0.4,5,38.82,39.37,4.658399999999999,38.82,4.66,-1.98,-74.02,0.0
0.76,661.5,416.5,122.5,7.0,3,0.4,5,39.72,39.8,4.7664,39.72,4.77,-2.09,-78.06,0.0
0.76,661.5,416.5,122.5,7.0,4,0.4,5,39.31,37.79,4.7172,39.31,4.72,-2.04,-76.22,0.0
0.76,661.5,416.5,122.5,7.0,5,0.4,5,39.86,38.18,4.7832,39.86,4.78,-2.11,-78.69,0.0
0.74,686.0,245.0,220.5,3.5,2,0.4,5,14.41,16.69,1.7291999999999998,14.41,1.73,0.95,35.4,0.0
0.74,686.0,245.0,220.5,3.5,3,0.4,5,14.19,16.62,1.7027999999999999,14.19,1.7,0.97,36.39,0.0
0.74,686.0,245.0,220.5,3.5,4,0.4,5,14.17,16.94,1.7004,14.17,1.7,0.98,36.48,0.0
0.74,686.0,245.0,220.5,3.5,5,0.4,5,14.39,16.7,1.7268000000000001,14.39,1.73,0.95,35.49,0.0
0.71,710.5,269.5,220.5,3.5,2,0.4,5,12.43,15.59,1.4915999999999998,12.43,1.49,1.19,44.28,0.0
0.71,710.5,269.5,220.5,3.5,3,0.4,5,12.63,14.58,1.5156,12.63,1.52,1.16,43.38,0.0
0.71,710.5,269.5,220.5,3.5,4,0.4,5,12.76,15.33,1.5312,12.76,1.53,1.15,42.8,0.0
0.71,710.5,269.5,220.5,3.5,5,0.4,5,12.42,15.31,1.4904,12.42,1.49,1.19,44.32,0.0
0.69,735.0,294.0,220.5,3.5,2,0.4,5,14.12,16.63,1.6944,14.12,1.69,0.98,36.7,0.0
0.69,735.0,294.0,220.5,3.5,3,0.4,5,14.28,15.87,1.7135999999999998,14.28,1.71,0.96,35.98,0.0
0.69,735.0,294.0,220.5,3.5,4,0.4,5,14.37,16.54,1.7244,14.37,1.72,0.95,35.58,0.0
0.69,735.0,294.0,220.5,3.5,5,0.4,5,14.21,16.74,1.7052,14.21,1.71,0.97,36.3,0.0
0.66,759.5,318.5,220.5,3.5,2,0.4,5,14.96,17.64,1.7952000000000001,14.96,1.8,0.88,32.94,0.0
0.66,759.5,318.5,220.5,3.5,3,0.4,5,14.92,17.79,1.7904,14.92,1.79,0.89,33.12,0.0
0.66,759.5,318.5,220.5,3.5,4,0.4,5,14.92,17.55,1.7904,14.92,1.79,0.89,33.12,0.0
0.66,759.5,318.5,220.5,3.5,5,0.4,5,15.16,18.06,1.8192,15.16,1.82,0.86,32.04,0.0
0.64,784.0,343.0,220.5,3.5,2,0.4,5,17.69,20.82,2.1228000000000002,17.69,2.12,0.55,20.7,0.0
0.64,784.0,343.0,220.5,3.5,3,0.4,5,18.19,20.21,2.1828,18.19,2.18,0.49,18.46,0.0
0.64,784.0,343.0,220.5,3.5,4,0.4,5,18.16,20.71,2.1792,18.16,2.18,0.5,18.59,0.0
0.64,784.0,343.0,220.5,3.5,5,0.4,5,17.88,21.4,2.1456,17.88,2.15,0.53,19.85,0.0
0.62,808.5,367.5,220.5,3.5,2,0.4,5,16.54,16.88,1.9848,16.54,1.98,0.69,25.85,0.0
0.62,808.5,367.5,220.5,3.5,3,0.4,5,16.44,17.11,1.9728,16.44,1.97,0.7,26.3,0.0
0.62,808.5,367.5,220.5,3.5,4,0.4,5,16.48,16.61,1.9776,16.48,1.98,0.7,26.12,0.0
0.62,808.5,367.5,220.5,3.5,5,0.4,5,16.64,16.03,1.9968,16.64,2.0,0.68,25.41,0.0
